event_id,member_id,event_type,event_date
EVT000001,SYN0001,coach_contact_completed,2026-02-26
EVT000002,SYN0001,day30_checkin_completed,2026-03-16
EVT000003,SYN0001,day60_activity_observed,2026-04-21
EVT000004,SYN0002,coach_contact_completed,2026-06-04
EVT000005,SYN0002,day30_checkin_completed,2026-07-04
EVT000006,SYN0002,day60_activity_observed,2026-08-11
EVT000007,SYN0003,coach_contact_completed,2026-03-08
EVT000008,SYN0003,day30_checkin_completed,2026-04-02
EVT000009,SYN0003,day60_activity_observed,2026-05-17
EVT000010,SYN0004,coach_contact_completed,2026-07-10
EVT000011,SYN0005,day30_checkin_completed,2026-05-01
EVT000012,SYN0005,day60_activity_observed,2026-05-28
EVT000013,SYN0006,coach_contact_completed,2026-05-22
EVT000014,SYN0006,day30_checkin_completed,2026-06-21
EVT000015,SYN0006,day60_activity_observed,2026-07-27
EVT000016,SYN0007,coach_contact_completed,2026-07-02
EVT000017,SYN0008,day30_checkin_completed,2026-09-30
EVT000018,SYN0009,coach_contact_completed,2026-08-24
EVT000019,SYN0010,coach_contact_completed,2026-03-22
EVT000020,SYN0010,day60_activity_observed,2026-05-24
EVT000021,SYN0011,coach_contact_completed,2026-01-20
EVT000022,SYN0011,day30_checkin_completed,2026-02-17
EVT000023,SYN0012,coach_contact_completed,2026-01-09
EVT000024,SYN0012,day30_checkin_completed,2026-02-09
EVT000025,SYN0013,coach_contact_completed,2026-03-23
EVT000026,SYN0014,coach_contact_completed,2026-06-22
EVT000027,SYN0014,day60_activity_observed,2026-09-01
EVT000028,SYN0015,coach_contact_completed,2026-08-09
EVT000029,SYN0015,day30_checkin_completed,2026-09-09
EVT000030,SYN0016,coach_contact_completed,2026-08-03
EVT000031,SYN0016,day30_checkin_completed,2026-09-02
EVT000032,SYN0017,coach_contact_completed,2026-08-29
EVT000033,SYN0018,coach_contact_completed,2026-08-05
EVT000034,SYN0018,day30_checkin_completed,2026-09-10
EVT000035,SYN0019,day30_checkin_completed,2026-07-30
EVT000036,SYN0020,coach_contact_completed,2026-01-31
EVT000037,SYN0021,coach_contact_completed,2026-06-15
EVT000038,SYN0021,day30_checkin_completed,2026-07-13
EVT000039,SYN0022,coach_contact_completed,2026-04-18
EVT000040,SYN0022,day30_checkin_completed,2026-05-14
EVT000041,SYN0022,day60_activity_observed,2026-06-18
EVT000042,SYN0023,coach_contact_completed,2026-08-23
EVT000043,SYN0023,day30_checkin_completed,2026-09-21
EVT000044,SYN0024,day30_checkin_completed,2026-08-07
EVT000045,SYN0024,day60_activity_observed,2026-09-12
EVT000046,SYN0025,coach_contact_completed,2026-04-15
EVT000047,SYN0025,day30_checkin_completed,2026-05-12
EVT000048,SYN0026,coach_contact_completed,2026-03-31
EVT000049,SYN0026,day30_checkin_completed,2026-04-29
EVT000050,SYN0026,day60_activity_observed,2026-06-04
EVT000051,SYN0027,coach_contact_completed,2026-04-01
EVT000052,SYN0027,day30_checkin_completed,2026-04-27
EVT000053,SYN0028,coach_contact_completed,2026-02-28
EVT000054,SYN0028,day30_checkin_completed,2026-03-26
EVT000055,SYN0028,day60_activity_observed,2026-05-03
EVT000056,SYN0029,coach_contact_completed,2026-01-04
EVT000057,SYN0029,day30_checkin_completed,2026-02-07
EVT000058,SYN0029,day60_activity_observed,2026-03-19
EVT000059,SYN0030,coach_contact_completed,2026-03-17
EVT000060,SYN0031,coach_contact_completed,2026-08-07
EVT000061,SYN0031,day30_checkin_completed,2026-09-06
EVT000062,SYN0032,day30_checkin_completed,2026-02-05
EVT000063,SYN0032,day60_activity_observed,2026-03-12
EVT000064,SYN0033,coach_contact_completed,2026-07-22
EVT000065,SYN0033,day30_checkin_completed,2026-08-18
EVT000066,SYN0034,day30_checkin_completed,2026-07-25
EVT000067,SYN0035,day30_checkin_completed,2026-08-17
EVT000068,SYN0035,day60_activity_observed,2026-09-23
EVT000069,SYN0036,coach_contact_completed,2026-01-31
EVT000070,SYN0036,day30_checkin_completed,2026-03-06
EVT000071,SYN0036,day60_activity_observed,2026-04-14
EVT000072,SYN0037,coach_contact_completed,2026-01-13
EVT000073,SYN0037,day30_checkin_completed,2026-02-15
EVT000074,SYN0037,day60_activity_observed,2026-03-24
EVT000075,SYN0038,coach_contact_completed,2026-03-11
EVT000076,SYN0038,day30_checkin_completed,2026-04-08
EVT000077,SYN0038,day60_activity_observed,2026-05-06
EVT000078,SYN0039,coach_contact_completed,2026-08-11
EVT000079,SYN0039,day30_checkin_completed,2026-09-09
EVT000080,SYN0040,coach_contact_completed,2026-04-04
EVT000081,SYN0040,day30_checkin_completed,2026-05-06
EVT000082,SYN0040,day60_activity_observed,2026-06-04
EVT000083,SYN0041,coach_contact_completed,2026-06-02
EVT000084,SYN0041,day30_checkin_completed,2026-07-04
EVT000085,SYN0042,coach_contact_completed,2026-07-30
EVT000086,SYN0042,day30_checkin_completed,2026-09-03
EVT000087,SYN0043,coach_contact_completed,2026-02-13
EVT000088,SYN0043,day60_activity_observed,2026-04-13
EVT000089,SYN0044,day30_checkin_completed,2026-07-18
EVT000090,SYN0045,coach_contact_completed,2026-06-02
EVT000091,SYN0046,coach_contact_completed,2026-04-03
EVT000092,SYN0046,day30_checkin_completed,2026-05-02
EVT000093,SYN0047,coach_contact_completed,2026-05-08
EVT000094,SYN0047,day60_activity_observed,2026-07-16
EVT000095,SYN0048,day30_checkin_completed,2026-07-01
EVT000096,SYN0048,day60_activity_observed,2026-07-31
EVT000097,SYN0049,coach_contact_completed,2026-02-20
EVT000098,SYN0049,day30_checkin_completed,2026-03-20
EVT000099,SYN0049,day60_activity_observed,2026-04-25
EVT000100,SYN0050,coach_contact_completed,2026-04-08
EVT000101,SYN0050,day30_checkin_completed,2026-05-06
EVT000102,SYN0051,coach_contact_completed,2026-06-18
EVT000103,SYN0051,day30_checkin_completed,2026-07-21
EVT000104,SYN0052,coach_contact_completed,2026-09-07
EVT000105,SYN0052,day30_checkin_completed,2026-09-28
EVT000106,SYN0053,coach_contact_completed,2026-05-09
EVT000107,SYN0053,day30_checkin_completed,2026-06-12
EVT000108,SYN0053,day60_activity_observed,2026-07-08
EVT000109,SYN0054,coach_contact_completed,2026-01-19
EVT000110,SYN0054,day60_activity_observed,2026-03-26
EVT000111,SYN0055,coach_contact_completed,2026-07-12
EVT000112,SYN0055,day60_activity_observed,2026-09-14
EVT000113,SYN0056,coach_contact_completed,2026-03-12
EVT000114,SYN0056,day30_checkin_completed,2026-04-15
EVT000115,SYN0056,day60_activity_observed,2026-05-14
EVT000116,SYN0057,coach_contact_completed,2026-05-24
EVT000117,SYN0057,day30_checkin_completed,2026-06-15
EVT000118,SYN0057,day60_activity_observed,2026-07-23
EVT000119,SYN0058,coach_contact_completed,2026-04-16
EVT000120,SYN0059,coach_contact_completed,2026-06-17
EVT000121,SYN0059,day30_checkin_completed,2026-07-14
EVT000122,SYN0060,coach_contact_completed,2026-03-19
EVT000123,SYN0061,day30_checkin_completed,2026-03-31
EVT000124,SYN0062,coach_contact_completed,2026-01-10
EVT000125,SYN0062,day30_checkin_completed,2026-02-15
EVT000126,SYN0062,day60_activity_observed,2026-03-16
EVT000127,SYN0063,coach_contact_completed,2026-03-15
EVT000128,SYN0063,day60_activity_observed,2026-05-15
EVT000129,SYN0064,coach_contact_completed,2026-04-09
EVT000130,SYN0065,day30_checkin_completed,2026-09-21
EVT000131,SYN0066,coach_contact_completed,2026-08-31
EVT000132,SYN0066,day30_checkin_completed,2026-09-25
EVT000133,SYN0067,day30_checkin_completed,2026-08-23
EVT000134,SYN0068,coach_contact_completed,2026-03-26
EVT000135,SYN0068,day30_checkin_completed,2026-05-01
EVT000136,SYN0068,day60_activity_observed,2026-06-04
EVT000137,SYN0069,coach_contact_completed,2026-08-04
EVT000138,SYN0069,day30_checkin_completed,2026-08-30
EVT000139,SYN0070,coach_contact_completed,2026-01-12
EVT000140,SYN0070,day30_checkin_completed,2026-02-14
EVT000141,SYN0071,day30_checkin_completed,2026-02-26
EVT000142,SYN0071,day60_activity_observed,2026-04-03
EVT000143,SYN0072,coach_contact_completed,2026-09-03
EVT000144,SYN0072,day30_checkin_completed,2026-09-29
EVT000145,SYN0073,coach_contact_completed,2026-08-13
EVT000146,SYN0074,coach_contact_completed,2026-06-01
EVT000147,SYN0074,day30_checkin_completed,2026-06-25
EVT000148,SYN0074,day60_activity_observed,2026-07-23
EVT000149,SYN0075,coach_contact_completed,2026-04-19
EVT000150,SYN0076,coach_contact_completed,2026-05-24
EVT000151,SYN0076,day30_checkin_completed,2026-06-19
EVT000152,SYN0076,day60_activity_observed,2026-07-18
EVT000153,SYN0077,coach_contact_completed,2026-02-13
EVT000154,SYN0077,day30_checkin_completed,2026-03-19
EVT000155,SYN0077,day60_activity_observed,2026-04-22
EVT000156,SYN0078,day30_checkin_completed,2026-07-29
EVT000157,SYN0078,day60_activity_observed,2026-08-31
EVT000158,SYN0079,coach_contact_completed,2026-04-27
EVT000159,SYN0079,day30_checkin_completed,2026-05-19
EVT000160,SYN0080,day30_checkin_completed,2026-08-07
EVT000161,SYN0080,day60_activity_observed,2026-09-08
EVT000162,SYN0081,coach_contact_completed,2026-01-17
EVT000163,SYN0081,day30_checkin_completed,2026-02-23
EVT000164,SYN0081,day60_activity_observed,2026-03-26
EVT000165,SYN0082,coach_contact_completed,2026-04-23
EVT000166,SYN0082,day30_checkin_completed,2026-05-15
EVT000167,SYN0082,day60_activity_observed,2026-06-18
EVT000168,SYN0083,coach_contact_completed,2026-01-06
EVT000169,SYN0084,day30_checkin_completed,2026-02-25
EVT000170,SYN0085,coach_contact_completed,2026-01-23
EVT000171,SYN0085,day30_checkin_completed,2026-02-12
EVT000172,SYN0085,day60_activity_observed,2026-03-22
EVT000173,SYN0086,coach_contact_completed,2026-02-04
EVT000174,SYN0086,day30_checkin_completed,2026-03-01
EVT000175,SYN0086,day60_activity_observed,2026-04-08
EVT000176,SYN0087,coach_contact_completed,2026-04-10
EVT000177,SYN0087,day30_checkin_completed,2026-05-09
EVT000178,SYN0088,coach_contact_completed,2026-08-31
EVT000179,SYN0089,coach_contact_completed,2026-02-22
EVT000180,SYN0089,day30_checkin_completed,2026-03-21
EVT000181,SYN0089,day60_activity_observed,2026-04-27
EVT000182,SYN0090,coach_contact_completed,2026-03-24
EVT000183,SYN0090,day30_checkin_completed,2026-04-18
EVT000184,SYN0091,coach_contact_completed,2026-07-29
EVT000185,SYN0091,day30_checkin_completed,2026-09-02
EVT000186,SYN0093,coach_contact_completed,2026-01-23
EVT000187,SYN0093,day60_activity_observed,2026-03-15
EVT000188,SYN0094,coach_contact_completed,2026-04-07
EVT000189,SYN0094,day60_activity_observed,2026-06-03
EVT000190,SYN0095,coach_contact_completed,2026-07-16
EVT000191,SYN0095,day30_checkin_completed,2026-08-18
EVT000192,SYN0095,day60_activity_observed,2026-09-23
EVT000193,SYN0096,coach_contact_completed,2026-04-21
EVT000194,SYN0096,day30_checkin_completed,2026-05-18
EVT000195,SYN0096,day60_activity_observed,2026-06-21
EVT000196,SYN0097,coach_contact_completed,2026-04-30
EVT000197,SYN0097,day30_checkin_completed,2026-05-31
EVT000198,SYN0097,day60_activity_observed,2026-07-09
EVT000199,SYN0098,coach_contact_completed,2026-06-19
EVT000200,SYN0098,day30_checkin_completed,2026-07-16
EVT000201,SYN0098,day60_activity_observed,2026-08-22
EVT000202,SYN0099,coach_contact_completed,2026-01-30
EVT000203,SYN0099,day30_checkin_completed,2026-03-07
EVT000204,SYN0099,day60_activity_observed,2026-04-10
EVT000205,SYN0100,coach_contact_completed,2026-07-31
EVT000206,SYN0100,day30_checkin_completed,2026-08-25
EVT000207,SYN0101,coach_contact_completed,2026-04-02
EVT000208,SYN0101,day60_activity_observed,2026-06-09
EVT000209,SYN0102,coach_contact_completed,2026-07-06
EVT000210,SYN0102,day60_activity_observed,2026-09-04
EVT000211,SYN0103,coach_contact_completed,2026-06-20
EVT000212,SYN0103,day60_activity_observed,2026-08-12
EVT000213,SYN0104,day30_checkin_completed,2026-07-15
EVT000214,SYN0104,day60_activity_observed,2026-08-15
EVT000215,SYN0105,coach_contact_completed,2026-06-01
EVT000216,SYN0105,day30_checkin_completed,2026-07-07
EVT000217,SYN0105,day60_activity_observed,2026-08-06
EVT000218,SYN0106,coach_contact_completed,2026-08-20
EVT000219,SYN0106,day30_checkin_completed,2026-09-12
EVT000220,SYN0107,day30_checkin_completed,2026-03-15
EVT000221,SYN0107,day60_activity_observed,2026-04-17
EVT000222,SYN0108,coach_contact_completed,2026-07-09
EVT000223,SYN0108,day60_activity_observed,2026-09-04
EVT000224,SYN0109,coach_contact_completed,2026-06-26
EVT000225,SYN0109,day30_checkin_completed,2026-07-31
EVT000226,SYN0109,day60_activity_observed,2026-09-03
EVT000227,SYN0110,coach_contact_completed,2026-08-30
EVT000228,SYN0111,coach_contact_completed,2026-07-08
EVT000229,SYN0111,day30_checkin_completed,2026-08-03
EVT000230,SYN0111,day60_activity_observed,2026-09-04
EVT000231,SYN0112,coach_contact_completed,2026-01-30
EVT000232,SYN0112,day30_checkin_completed,2026-02-28
EVT000233,SYN0112,day60_activity_observed,2026-03-26
EVT000234,SYN0113,coach_contact_completed,2026-05-31
EVT000235,SYN0113,day30_checkin_completed,2026-07-04
EVT000236,SYN0114,coach_contact_completed,2026-03-05
EVT000237,SYN0114,day30_checkin_completed,2026-04-01
EVT000238,SYN0115,coach_contact_completed,2026-04-22
EVT000239,SYN0116,coach_contact_completed,2026-07-15
EVT000240,SYN0116,day60_activity_observed,2026-09-24
EVT000241,SYN0117,coach_contact_completed,2026-08-17
EVT000242,SYN0117,day30_checkin_completed,2026-09-05
EVT000243,SYN0118,coach_contact_completed,2026-03-07
EVT000244,SYN0118,day30_checkin_completed,2026-04-06
EVT000245,SYN0118,day60_activity_observed,2026-05-03
EVT000246,SYN0119,coach_contact_completed,2026-03-06
EVT000247,SYN0119,day60_activity_observed,2026-05-11
EVT000248,SYN0120,coach_contact_completed,2026-04-04
EVT000249,SYN0120,day30_checkin_completed,2026-05-02
EVT000250,SYN0120,day60_activity_observed,2026-06-07
EVT000251,SYN0121,day30_checkin_completed,2026-07-01
EVT000252,SYN0121,day60_activity_observed,2026-08-11
EVT000253,SYN0122,coach_contact_completed,2026-09-01
EVT000254,SYN0122,day30_checkin_completed,2026-09-30
EVT000255,SYN0123,day30_checkin_completed,2026-07-29
EVT000256,SYN0124,coach_contact_completed,2026-08-14
EVT000257,SYN0124,day30_checkin_completed,2026-09-16
EVT000258,SYN0125,coach_contact_completed,2026-06-11
EVT000259,SYN0125,day30_checkin_completed,2026-07-12
EVT000260,SYN0126,coach_contact_completed,2026-08-18
EVT000261,SYN0127,coach_contact_completed,2026-08-06
EVT000262,SYN0127,day30_checkin_completed,2026-08-25
EVT000263,SYN0128,day30_checkin_completed,2026-05-03
EVT000264,SYN0128,day60_activity_observed,2026-06-09
EVT000265,SYN0129,coach_contact_completed,2026-03-05
EVT000266,SYN0129,day30_checkin_completed,2026-04-06
EVT000267,SYN0129,day60_activity_observed,2026-05-07
EVT000268,SYN0130,coach_contact_completed,2026-01-05
EVT000269,SYN0130,day60_activity_observed,2026-03-14
EVT000270,SYN0131,coach_contact_completed,2026-03-11
EVT000271,SYN0131,day60_activity_observed,2026-05-02
EVT000272,SYN0132,coach_contact_completed,2026-03-31
EVT000273,SYN0132,day30_checkin_completed,2026-05-06
EVT000274,SYN0133,day30_checkin_completed,2026-03-03
EVT000275,SYN0133,day60_activity_observed,2026-04-04
EVT000276,SYN0134,coach_contact_completed,2026-06-02
EVT000277,SYN0134,day30_checkin_completed,2026-06-24
EVT000278,SYN0135,coach_contact_completed,2026-04-26
EVT000279,SYN0135,day30_checkin_completed,2026-05-21
EVT000280,SYN0136,day30_checkin_completed,2026-07-10
EVT000281,SYN0136,day60_activity_observed,2026-08-13
EVT000282,SYN0137,coach_contact_completed,2026-04-05
EVT000283,SYN0138,coach_contact_completed,2026-01-11
EVT000284,SYN0138,day30_checkin_completed,2026-02-08
EVT000285,SYN0139,coach_contact_completed,2026-05-05
EVT000286,SYN0139,day30_checkin_completed,2026-06-03
EVT000287,SYN0139,day60_activity_observed,2026-07-08
EVT000288,SYN0140,coach_contact_completed,2026-04-17
EVT000289,SYN0140,day30_checkin_completed,2026-05-14
EVT000290,SYN0140,day60_activity_observed,2026-06-10
EVT000291,SYN0141,coach_contact_completed,2026-06-24
EVT000292,SYN0142,coach_contact_completed,2026-04-06
EVT000293,SYN0142,day30_checkin_completed,2026-04-29
EVT000294,SYN0142,day60_activity_observed,2026-06-03
EVT000295,SYN0143,coach_contact_completed,2026-08-23
EVT000296,SYN0143,day30_checkin_completed,2026-09-20
EVT000297,SYN0144,coach_contact_completed,2026-03-27
EVT000298,SYN0144,day30_checkin_completed,2026-04-24
EVT000299,SYN0144,day60_activity_observed,2026-05-31
EVT000300,SYN0146,coach_contact_completed,2026-05-26
EVT000301,SYN0146,day30_checkin_completed,2026-06-22
EVT000302,SYN0146,day60_activity_observed,2026-08-05
EVT000303,SYN0147,day30_checkin_completed,2026-03-04
EVT000304,SYN0147,day60_activity_observed,2026-04-05
EVT000305,SYN0148,coach_contact_completed,2026-07-05
EVT000306,SYN0148,day30_checkin_completed,2026-07-29
EVT000307,SYN0148,day60_activity_observed,2026-08-31
EVT000308,SYN0149,coach_contact_completed,2026-02-19
EVT000309,SYN0149,day30_checkin_completed,2026-03-16
EVT000310,SYN0150,coach_contact_completed,2026-02-25
EVT000311,SYN0150,day30_checkin_completed,2026-03-28
EVT000312,SYN0150,day60_activity_observed,2026-04-29
EVT000313,SYN0151,coach_contact_completed,2026-05-08
EVT000314,SYN0151,day60_activity_observed,2026-07-07
EVT000315,SYN0152,coach_contact_completed,2026-04-26
EVT000316,SYN0152,day30_checkin_completed,2026-05-27
EVT000317,SYN0153,coach_contact_completed,2026-07-23
EVT000318,SYN0153,day30_checkin_completed,2026-08-21
EVT000319,SYN0153,day60_activity_observed,2026-09-22
EVT000320,SYN0154,coach_contact_completed,2026-06-24
EVT000321,SYN0154,day30_checkin_completed,2026-07-15
EVT000322,SYN0155,day30_checkin_completed,2026-09-08
EVT000323,SYN0156,coach_contact_completed,2026-05-11
EVT000324,SYN0156,day60_activity_observed,2026-07-21
EVT000325,SYN0157,day60_activity_observed,2026-08-10
EVT000326,SYN0158,coach_contact_completed,2026-06-24
EVT000327,SYN0158,day60_activity_observed,2026-08-29
EVT000328,SYN0159,coach_contact_completed,2026-03-23
EVT000329,SYN0159,day30_checkin_completed,2026-04-11
EVT000330,SYN0159,day60_activity_observed,2026-05-15
EVT000331,SYN0160,coach_contact_completed,2026-06-11
EVT000332,SYN0160,day60_activity_observed,2026-08-09
EVT000333,SYN0161,coach_contact_completed,2026-07-27
EVT000334,SYN0161,day30_checkin_completed,2026-08-21
EVT000335,SYN0161,day60_activity_observed,2026-09-22
EVT000336,SYN0162,coach_contact_completed,2026-05-26
EVT000337,SYN0162,day30_checkin_completed,2026-06-20
EVT000338,SYN0162,day60_activity_observed,2026-07-25
EVT000339,SYN0163,coach_contact_completed,2026-02-05
EVT000340,SYN0163,day30_checkin_completed,2026-03-13
EVT000341,SYN0163,day60_activity_observed,2026-04-05
EVT000342,SYN0164,coach_contact_completed,2026-02-16
EVT000343,SYN0164,day60_activity_observed,2026-04-24
EVT000344,SYN0165,coach_contact_completed,2026-08-10
EVT000345,SYN0166,coach_contact_completed,2026-02-28
EVT000346,SYN0166,day30_checkin_completed,2026-03-18
EVT000347,SYN0167,coach_contact_completed,2026-06-29
EVT000348,SYN0167,day60_activity_observed,2026-08-24
EVT000349,SYN0168,coach_contact_completed,2026-04-24
EVT000350,SYN0168,day30_checkin_completed,2026-05-23
EVT000351,SYN0168,day60_activity_observed,2026-06-20
EVT000352,SYN0169,day60_activity_observed,2026-09-26
EVT000353,SYN0170,coach_contact_completed,2026-08-19
EVT000354,SYN0170,day30_checkin_completed,2026-09-22
EVT000355,SYN0171,day30_checkin_completed,2026-04-30
EVT000356,SYN0171,day60_activity_observed,2026-05-26
EVT000357,SYN0172,coach_contact_completed,2026-03-14
EVT000358,SYN0172,day60_activity_observed,2026-05-06
EVT000359,SYN0173,coach_contact_completed,2026-08-30
EVT000360,SYN0174,coach_contact_completed,2026-04-25
EVT000361,SYN0175,coach_contact_completed,2026-03-29
EVT000362,SYN0175,day30_checkin_completed,2026-04-25
EVT000363,SYN0175,day60_activity_observed,2026-06-08
EVT000364,SYN0176,coach_contact_completed,2026-04-18
EVT000365,SYN0176,day30_checkin_completed,2026-05-04
EVT000366,SYN0176,day60_activity_observed,2026-06-10
EVT000367,SYN0177,coach_contact_completed,2026-03-14
EVT000368,SYN0177,day30_checkin_completed,2026-04-02
EVT000369,SYN0177,day60_activity_observed,2026-05-03
EVT000370,SYN0178,coach_contact_completed,2026-06-06
EVT000371,SYN0178,day60_activity_observed,2026-07-31
EVT000372,SYN0179,day30_checkin_completed,2026-02-06
EVT000373,SYN0180,coach_contact_completed,2026-09-01
EVT000374,SYN0181,coach_contact_completed,2026-07-23
EVT000375,SYN0181,day30_checkin_completed,2026-08-24
EVT000376,SYN0181,day60_activity_observed,2026-09-23
EVT000377,SYN0182,coach_contact_completed,2026-08-27
EVT000378,SYN0182,day30_checkin_completed,2026-09-28
EVT000379,SYN0183,coach_contact_completed,2026-08-08
EVT000380,SYN0183,day30_checkin_completed,2026-08-30
EVT000381,SYN0183,day60_activity_observed,2026-09-29
EVT000382,SYN0184,coach_contact_completed,2026-08-26
EVT000383,SYN0185,day30_checkin_completed,2026-03-18
EVT000384,SYN0186,coach_contact_completed,2026-03-31
EVT000385,SYN0186,day30_checkin_completed,2026-04-24
EVT000386,SYN0186,day60_activity_observed,2026-05-28
EVT000387,SYN0187,coach_contact_completed,2026-04-28
EVT000388,SYN0187,day30_checkin_completed,2026-05-23
EVT000389,SYN0187,day60_activity_observed,2026-06-23
EVT000390,SYN0188,coach_contact_completed,2026-07-30
EVT000391,SYN0188,day30_checkin_completed,2026-08-29
EVT000392,SYN0189,day30_checkin_completed,2026-03-12
EVT000393,SYN0190,coach_contact_completed,2026-07-03
EVT000394,SYN0190,day30_checkin_completed,2026-07-30
EVT000395,SYN0191,coach_contact_completed,2026-01-17
EVT000396,SYN0191,day30_checkin_completed,2026-02-06
EVT000397,SYN0191,day60_activity_observed,2026-03-10
EVT000398,SYN0192,coach_contact_completed,2026-08-05
EVT000399,SYN0193,coach_contact_completed,2026-03-19
EVT000400,SYN0193,day30_checkin_completed,2026-04-18
EVT000401,SYN0193,day60_activity_observed,2026-05-22
EVT000402,SYN0194,coach_contact_completed,2026-03-05
EVT000403,SYN0194,day60_activity_observed,2026-05-11
EVT000404,SYN0195,coach_contact_completed,2026-02-20
EVT000405,SYN0196,coach_contact_completed,2026-03-26
EVT000406,SYN0196,day30_checkin_completed,2026-05-02
EVT000407,SYN0196,day60_activity_observed,2026-05-31
EVT000408,SYN0197,coach_contact_completed,2026-05-14
EVT000409,SYN0197,day30_checkin_completed,2026-06-14
EVT000410,SYN0197,day60_activity_observed,2026-07-23
EVT000411,SYN0198,coach_contact_completed,2026-02-27
EVT000412,SYN0198,day30_checkin_completed,2026-03-27
EVT000413,SYN0199,coach_contact_completed,2026-05-24
EVT000414,SYN0199,day30_checkin_completed,2026-06-19
EVT000415,SYN0200,coach_contact_completed,2026-02-19
EVT000416,SYN0200,day30_checkin_completed,2026-03-15
EVT000417,SYN0200,day60_activity_observed,2026-04-27
EVT000418,SYN0201,coach_contact_completed,2026-02-16
EVT000419,SYN0201,day30_checkin_completed,2026-03-16
EVT000420,SYN0201,day60_activity_observed,2026-04-20
EVT000421,SYN0202,coach_contact_completed,2026-05-01
EVT000422,SYN0202,day30_checkin_completed,2026-06-06
EVT000423,SYN0202,day60_activity_observed,2026-07-02
EVT000424,SYN0203,coach_contact_completed,2026-02-13
EVT000425,SYN0203,day60_activity_observed,2026-04-18
EVT000426,SYN0204,day30_checkin_completed,2026-08-28
EVT000427,SYN0205,coach_contact_completed,2026-01-17
EVT000428,SYN0205,day60_activity_observed,2026-03-06
EVT000429,SYN0206,coach_contact_completed,2026-05-20
EVT000430,SYN0206,day60_activity_observed,2026-07-23
EVT000431,SYN0207,coach_contact_completed,2026-05-07
EVT000432,SYN0207,day60_activity_observed,2026-07-16
EVT000433,SYN0208,coach_contact_completed,2026-05-17
EVT000434,SYN0208,day30_checkin_completed,2026-06-18
EVT000435,SYN0208,day60_activity_observed,2026-07-23
EVT000436,SYN0209,coach_contact_completed,2026-06-24
EVT000437,SYN0209,day60_activity_observed,2026-08-23
EVT000438,SYN0210,coach_contact_completed,2026-01-23
EVT000439,SYN0210,day30_checkin_completed,2026-02-10
EVT000440,SYN0211,coach_contact_completed,2026-02-20
EVT000441,SYN0211,day60_activity_observed,2026-04-25
EVT000442,SYN0212,coach_contact_completed,2026-08-12
EVT000443,SYN0212,day30_checkin_completed,2026-09-06
EVT000444,SYN0214,day30_checkin_completed,2026-06-04
EVT000445,SYN0215,coach_contact_completed,2026-04-29
EVT000446,SYN0215,day30_checkin_completed,2026-05-30
EVT000447,SYN0215,day60_activity_observed,2026-07-06
EVT000448,SYN0216,day30_checkin_completed,2026-04-07
EVT000449,SYN0217,coach_contact_completed,2026-07-29
EVT000450,SYN0217,day30_checkin_completed,2026-08-27
EVT000451,SYN0218,day30_checkin_completed,2026-09-22
EVT000452,SYN0219,day30_checkin_completed,2026-07-20
EVT000453,SYN0220,coach_contact_completed,2026-02-24
EVT000454,SYN0220,day60_activity_observed,2026-04-25
EVT000455,SYN0221,day60_activity_observed,2026-06-01
EVT000456,SYN0222,coach_contact_completed,2026-06-09
EVT000457,SYN0222,day30_checkin_completed,2026-07-04
EVT000458,SYN0222,day60_activity_observed,2026-08-06
EVT000459,SYN0223,coach_contact_completed,2026-05-27
EVT000460,SYN0223,day30_checkin_completed,2026-06-22
EVT000461,SYN0224,coach_contact_completed,2026-02-25
EVT000462,SYN0224,day30_checkin_completed,2026-04-01
EVT000463,SYN0225,coach_contact_completed,2026-07-02
EVT000464,SYN0225,day30_checkin_completed,2026-07-29
EVT000465,SYN0225,day60_activity_observed,2026-09-07
EVT000466,SYN0226,coach_contact_completed,2026-06-13
EVT000467,SYN0226,day60_activity_observed,2026-08-08
EVT000468,SYN0227,coach_contact_completed,2026-04-18
EVT000469,SYN0227,day30_checkin_completed,2026-05-09
EVT000470,SYN0227,day60_activity_observed,2026-06-11
EVT000471,SYN0228,coach_contact_completed,2026-03-04
EVT000472,SYN0228,day30_checkin_completed,2026-03-21
EVT000473,SYN0228,day60_activity_observed,2026-05-05
EVT000474,SYN0229,coach_contact_completed,2026-05-13
EVT000475,SYN0229,day30_checkin_completed,2026-06-04
EVT000476,SYN0229,day60_activity_observed,2026-07-08
EVT000477,SYN0230,day30_checkin_completed,2026-04-25
EVT000478,SYN0231,coach_contact_completed,2026-07-23
EVT000479,SYN0231,day30_checkin_completed,2026-08-22
EVT000480,SYN0231,day60_activity_observed,2026-09-27
EVT000481,SYN0232,coach_contact_completed,2026-01-25
EVT000482,SYN0232,day30_checkin_completed,2026-02-25
EVT000483,SYN0233,coach_contact_completed,2026-05-19
EVT000484,SYN0233,day30_checkin_completed,2026-06-16
EVT000485,SYN0234,coach_contact_completed,2026-03-22
EVT000486,SYN0234,day30_checkin_completed,2026-04-14
EVT000487,SYN0234,day60_activity_observed,2026-05-23
EVT000488,SYN0235,coach_contact_completed,2026-04-12
EVT000489,SYN0235,day30_checkin_completed,2026-05-08
EVT000490,SYN0235,day60_activity_observed,2026-06-12
EVT000491,SYN0236,coach_contact_completed,2026-06-01
EVT000492,SYN0236,day30_checkin_completed,2026-07-04
EVT000493,SYN0237,coach_contact_completed,2026-05-27
EVT000494,SYN0237,day30_checkin_completed,2026-06-30
EVT000495,SYN0238,day30_checkin_completed,2026-08-20
EVT000496,SYN0239,coach_contact_completed,2026-08-09
EVT000497,SYN0239,day30_checkin_completed,2026-09-05
EVT000498,SYN0240,coach_contact_completed,2026-08-22
EVT000499,SYN0240,day30_checkin_completed,2026-09-22
EVT000500,SYN0241,coach_contact_completed,2026-01-30
EVT000501,SYN0241,day60_activity_observed,2026-04-07
EVT000502,SYN0242,coach_contact_completed,2026-06-28
EVT000503,SYN0242,day60_activity_observed,2026-09-08
EVT000504,SYN0243,coach_contact_completed,2026-02-23
EVT000505,SYN0243,day30_checkin_completed,2026-03-25
EVT000506,SYN0243,day60_activity_observed,2026-04-23
EVT000507,SYN0244,coach_contact_completed,2026-06-03
EVT000508,SYN0244,day30_checkin_completed,2026-07-10
EVT000509,SYN0244,day60_activity_observed,2026-08-11
EVT000510,SYN0245,coach_contact_completed,2026-05-25
EVT000511,SYN0245,day30_checkin_completed,2026-06-26
EVT000512,SYN0245,day60_activity_observed,2026-08-05
EVT000513,SYN0246,coach_contact_completed,2026-01-20
EVT000514,SYN0246,day30_checkin_completed,2026-02-10
EVT000515,SYN0246,day60_activity_observed,2026-03-20
EVT000516,SYN0247,coach_contact_completed,2026-02-22
EVT000517,SYN0247,day60_activity_observed,2026-04-17
EVT000518,SYN0248,coach_contact_completed,2026-06-28
EVT000519,SYN0248,day30_checkin_completed,2026-07-23
EVT000520,SYN0249,coach_contact_completed,2026-05-14
EVT000521,SYN0249,day30_checkin_completed,2026-06-11
EVT000522,SYN0250,coach_contact_completed,2026-04-05
EVT000523,SYN0251,day30_checkin_completed,2026-09-02
EVT000524,SYN0252,coach_contact_completed,2026-07-13
EVT000525,SYN0252,day60_activity_observed,2026-09-09
EVT000526,SYN0253,coach_contact_completed,2026-04-07
EVT000527,SYN0254,day30_checkin_completed,2026-08-20
EVT000528,SYN0254,day60_activity_observed,2026-09-26
EVT000529,SYN0255,coach_contact_completed,2026-07-20
EVT000530,SYN0255,day30_checkin_completed,2026-08-16
EVT000531,SYN0256,day60_activity_observed,2026-07-30
EVT000532,SYN0257,coach_contact_completed,2026-06-07
EVT000533,SYN0257,day30_checkin_completed,2026-07-05
EVT000534,SYN0257,day60_activity_observed,2026-08-14
EVT000535,SYN0258,coach_contact_completed,2026-08-17
EVT000536,SYN0258,day30_checkin_completed,2026-09-02
EVT000537,SYN0259,day30_checkin_completed,2026-06-04
EVT000538,SYN0260,coach_contact_completed,2026-07-21
EVT000539,SYN0260,day30_checkin_completed,2026-08-19
EVT000540,SYN0260,day60_activity_observed,2026-09-21
EVT000541,SYN0261,coach_contact_completed,2026-03-26
EVT000542,SYN0261,day30_checkin_completed,2026-04-20
EVT000543,SYN0262,coach_contact_completed,2026-01-06
EVT000544,SYN0262,day30_checkin_completed,2026-02-01
EVT000545,SYN0262,day60_activity_observed,2026-03-11
EVT000546,SYN0263,coach_contact_completed,2026-07-23
EVT000547,SYN0263,day60_activity_observed,2026-09-22
EVT000548,SYN0264,coach_contact_completed,2026-03-07
EVT000549,SYN0264,day30_checkin_completed,2026-03-31
EVT000550,SYN0264,day60_activity_observed,2026-05-08
EVT000551,SYN0265,coach_contact_completed,2026-03-30
EVT000552,SYN0265,day30_checkin_completed,2026-04-23
EVT000553,SYN0265,day60_activity_observed,2026-05-30
EVT000554,SYN0266,coach_contact_completed,2026-01-15
EVT000555,SYN0266,day30_checkin_completed,2026-02-07
EVT000556,SYN0266,day60_activity_observed,2026-03-19
EVT000557,SYN0267,coach_contact_completed,2026-04-01
EVT000558,SYN0267,day30_checkin_completed,2026-04-30
EVT000559,SYN0267,day60_activity_observed,2026-06-01
EVT000560,SYN0268,coach_contact_completed,2026-01-20
EVT000561,SYN0268,day60_activity_observed,2026-03-24
EVT000562,SYN0269,day60_activity_observed,2026-08-08
EVT000563,SYN0270,coach_contact_completed,2026-02-15
EVT000564,SYN0270,day30_checkin_completed,2026-03-21
EVT000565,SYN0271,coach_contact_completed,2026-03-24
EVT000566,SYN0271,day30_checkin_completed,2026-04-19
EVT000567,SYN0272,day60_activity_observed,2026-05-17
EVT000568,SYN0273,day30_checkin_completed,2026-04-03
EVT000569,SYN0274,coach_contact_completed,2026-05-17
EVT000570,SYN0274,day30_checkin_completed,2026-06-19
EVT000571,SYN0274,day60_activity_observed,2026-07-18
EVT000572,SYN0275,coach_contact_completed,2026-05-17
EVT000573,SYN0275,day30_checkin_completed,2026-06-14
EVT000574,SYN0276,coach_contact_completed,2026-02-28
EVT000575,SYN0276,day30_checkin_completed,2026-03-31
EVT000576,SYN0276,day60_activity_observed,2026-05-05
EVT000577,SYN0277,coach_contact_completed,2026-03-10
EVT000578,SYN0277,day30_checkin_completed,2026-03-29
EVT000579,SYN0277,day60_activity_observed,2026-05-09
EVT000580,SYN0278,coach_contact_completed,2026-05-09
EVT000581,SYN0278,day30_checkin_completed,2026-05-31
EVT000582,SYN0279,coach_contact_completed,2026-04-20
EVT000583,SYN0279,day30_checkin_completed,2026-05-19
EVT000584,SYN0279,day60_activity_observed,2026-06-27
EVT000585,SYN0280,coach_contact_completed,2026-01-12
EVT000586,SYN0281,day30_checkin_completed,2026-05-26
EVT000587,SYN0281,day60_activity_observed,2026-06-28
EVT000588,SYN0282,coach_contact_completed,2026-04-04
EVT000589,SYN0282,day30_checkin_completed,2026-05-05
EVT000590,SYN0282,day60_activity_observed,2026-06-05
EVT000591,SYN0283,coach_contact_completed,2026-01-27
EVT000592,SYN0283,day30_checkin_completed,2026-02-15
EVT000593,SYN0283,day60_activity_observed,2026-03-20
EVT000594,SYN0284,coach_contact_completed,2026-02-17
EVT000595,SYN0284,day30_checkin_completed,2026-03-18
EVT000596,SYN0284,day60_activity_observed,2026-04-28
EVT000597,SYN0285,coach_contact_completed,2026-01-21
EVT000598,SYN0285,day30_checkin_completed,2026-02-13
EVT000599,SYN0286,day60_activity_observed,2026-09-16
EVT000600,SYN0288,day30_checkin_completed,2026-06-10
EVT000601,SYN0288,day60_activity_observed,2026-07-21
EVT000602,SYN0289,coach_contact_completed,2026-06-01
EVT000603,SYN0289,day30_checkin_completed,2026-06-27
EVT000604,SYN0289,day60_activity_observed,2026-08-03
EVT000605,SYN0291,coach_contact_completed,2026-03-13
EVT000606,SYN0291,day30_checkin_completed,2026-04-12
EVT000607,SYN0292,coach_contact_completed,2026-02-08
EVT000608,SYN0293,coach_contact_completed,2026-05-23
EVT000609,SYN0294,coach_contact_completed,2026-05-04
EVT000610,SYN0295,coach_contact_completed,2026-01-20
EVT000611,SYN0295,day30_checkin_completed,2026-02-23
EVT000612,SYN0295,day60_activity_observed,2026-03-21
EVT000613,SYN0296,coach_contact_completed,2026-01-19
EVT000614,SYN0296,day60_activity_observed,2026-03-23
EVT000615,SYN0297,coach_contact_completed,2026-04-21
EVT000616,SYN0297,day30_checkin_completed,2026-05-24
EVT000617,SYN0297,day60_activity_observed,2026-06-27
EVT000618,SYN0298,coach_contact_completed,2026-03-19
EVT000619,SYN0298,day30_checkin_completed,2026-04-10
EVT000620,SYN0298,day60_activity_observed,2026-05-07
EVT000621,SYN0299,coach_contact_completed,2026-02-27
EVT000622,SYN0299,day60_activity_observed,2026-05-09
EVT000623,SYN0300,day60_activity_observed,2026-09-24
EVT000624,SYN0301,coach_contact_completed,2026-03-17
EVT000625,SYN0301,day30_checkin_completed,2026-04-11
EVT000626,SYN0301,day60_activity_observed,2026-05-12
EVT000627,SYN0302,day30_checkin_completed,2026-06-30
EVT000628,SYN0303,coach_contact_completed,2026-07-07
EVT000629,SYN0303,day30_checkin_completed,2026-08-03
EVT000630,SYN0303,day60_activity_observed,2026-09-11
EVT000631,SYN0304,day30_checkin_completed,2026-05-14
EVT000632,SYN0304,day60_activity_observed,2026-06-27
EVT000633,SYN0305,day30_checkin_completed,2026-02-13
EVT000634,SYN0305,day60_activity_observed,2026-03-14
EVT000635,SYN0306,coach_contact_completed,2026-07-28
EVT000636,SYN0306,day30_checkin_completed,2026-08-28
EVT000637,SYN0307,coach_contact_completed,2026-02-25
EVT000638,SYN0307,day30_checkin_completed,2026-03-24
EVT000639,SYN0308,coach_contact_completed,2026-06-03
EVT000640,SYN0308,day30_checkin_completed,2026-07-01
EVT000641,SYN0309,day60_activity_observed,2026-07-13
EVT000642,SYN0310,coach_contact_completed,2026-02-22
EVT000643,SYN0310,day30_checkin_completed,2026-03-19
EVT000644,SYN0311,coach_contact_completed,2026-03-19
EVT000645,SYN0311,day60_activity_observed,2026-05-25
EVT000646,SYN0312,coach_contact_completed,2026-04-21
EVT000647,SYN0312,day30_checkin_completed,2026-05-19
EVT000648,SYN0313,coach_contact_completed,2026-01-21
EVT000649,SYN0313,day30_checkin_completed,2026-02-14
EVT000650,SYN0314,coach_contact_completed,2026-05-20
EVT000651,SYN0314,day30_checkin_completed,2026-06-17
EVT000652,SYN0315,day60_activity_observed,2026-07-07
EVT000653,SYN0316,coach_contact_completed,2026-04-15
EVT000654,SYN0316,day30_checkin_completed,2026-05-08
EVT000655,SYN0317,coach_contact_completed,2026-08-09
EVT000656,SYN0317,day30_checkin_completed,2026-09-10
EVT000657,SYN0318,coach_contact_completed,2026-03-28
EVT000658,SYN0318,day30_checkin_completed,2026-05-01
EVT000659,SYN0318,day60_activity_observed,2026-05-30
EVT000660,SYN0319,coach_contact_completed,2026-08-26
EVT000661,SYN0319,day30_checkin_completed,2026-09-18
EVT000662,SYN0320,coach_contact_completed,2026-06-05
EVT000663,SYN0320,day30_checkin_completed,2026-07-04
EVT000664,SYN0321,coach_contact_completed,2026-08-29
EVT000665,SYN0322,coach_contact_completed,2026-04-01
EVT000666,SYN0322,day30_checkin_completed,2026-05-04
EVT000667,SYN0323,coach_contact_completed,2026-03-11
EVT000668,SYN0323,day30_checkin_completed,2026-04-06
EVT000669,SYN0324,coach_contact_completed,2026-03-29
EVT000670,SYN0324,day60_activity_observed,2026-05-30
EVT000671,SYN0325,coach_contact_completed,2026-01-10
EVT000672,SYN0327,coach_contact_completed,2026-06-08
EVT000673,SYN0327,day30_checkin_completed,2026-07-11
EVT000674,SYN0328,coach_contact_completed,2026-02-06
EVT000675,SYN0328,day60_activity_observed,2026-04-16
EVT000676,SYN0329,coach_contact_completed,2026-06-07
EVT000677,SYN0329,day30_checkin_completed,2026-07-02
EVT000678,SYN0330,coach_contact_completed,2026-01-21
EVT000679,SYN0330,day30_checkin_completed,2026-02-15
EVT000680,SYN0330,day60_activity_observed,2026-03-16
EVT000681,SYN0331,coach_contact_completed,2026-08-08
EVT000682,SYN0331,day60_activity_observed,2026-09-30
EVT000683,SYN0332,coach_contact_completed,2026-02-06
EVT000684,SYN0332,day30_checkin_completed,2026-03-09
EVT000685,SYN0332,day60_activity_observed,2026-04-11
EVT000686,SYN0333,coach_contact_completed,2026-01-18
EVT000687,SYN0333,day30_checkin_completed,2026-02-20
EVT000688,SYN0333,day60_activity_observed,2026-03-21
EVT000689,SYN0334,coach_contact_completed,2026-07-30
EVT000690,SYN0334,day30_checkin_completed,2026-09-01
EVT000691,SYN0334,day60_activity_observed,2026-09-24
EVT000692,SYN0336,day30_checkin_completed,2026-02-04
EVT000693,SYN0336,day60_activity_observed,2026-03-10
EVT000694,SYN0337,day30_checkin_completed,2026-03-16
EVT000695,SYN0337,day60_activity_observed,2026-04-16
EVT000696,SYN0338,coach_contact_completed,2026-05-19
EVT000697,SYN0339,coach_contact_completed,2026-02-03
EVT000698,SYN0339,day60_activity_observed,2026-03-23
EVT000699,SYN0340,coach_contact_completed,2026-08-19
EVT000700,SYN0341,coach_contact_completed,2026-02-26
EVT000701,SYN0341,day30_checkin_completed,2026-03-29
EVT000702,SYN0341,day60_activity_observed,2026-04-30
EVT000703,SYN0342,coach_contact_completed,2026-08-21
EVT000704,SYN0342,day30_checkin_completed,2026-09-26
EVT000705,SYN0343,coach_contact_completed,2026-05-27
EVT000706,SYN0343,day30_checkin_completed,2026-06-25
EVT000707,SYN0343,day60_activity_observed,2026-07-28
EVT000708,SYN0344,coach_contact_completed,2026-07-04
EVT000709,SYN0344,day30_checkin_completed,2026-08-03
EVT000710,SYN0345,coach_contact_completed,2026-03-28
EVT000711,SYN0345,day30_checkin_completed,2026-04-20
EVT000712,SYN0346,day30_checkin_completed,2026-04-02
EVT000713,SYN0346,day60_activity_observed,2026-04-29
EVT000714,SYN0347,coach_contact_completed,2026-09-04
EVT000715,SYN0348,coach_contact_completed,2026-03-29
EVT000716,SYN0348,day30_checkin_completed,2026-04-25
EVT000717,SYN0348,day60_activity_observed,2026-05-28
EVT000718,SYN0349,coach_contact_completed,2026-05-09
EVT000719,SYN0349,day30_checkin_completed,2026-06-05
EVT000720,SYN0350,coach_contact_completed,2026-02-21
EVT000721,SYN0350,day60_activity_observed,2026-04-28
EVT000722,SYN0351,day60_activity_observed,2026-04-24
EVT000723,SYN0352,coach_contact_completed,2026-03-08
EVT000724,SYN0352,day30_checkin_completed,2026-03-31
EVT000725,SYN0352,day60_activity_observed,2026-05-07
EVT000726,SYN0353,coach_contact_completed,2026-03-18
EVT000727,SYN0353,day30_checkin_completed,2026-04-09
EVT000728,SYN0354,coach_contact_completed,2026-03-09
EVT000729,SYN0354,day30_checkin_completed,2026-04-07
EVT000730,SYN0354,day60_activity_observed,2026-05-04
EVT000731,SYN0355,coach_contact_completed,2026-05-18
EVT000732,SYN0355,day30_checkin_completed,2026-06-22
EVT000733,SYN0356,coach_contact_completed,2026-08-06
EVT000734,SYN0357,coach_contact_completed,2026-07-26
EVT000735,SYN0357,day30_checkin_completed,2026-08-24
EVT000736,SYN0358,coach_contact_completed,2026-07-12
EVT000737,SYN0358,day60_activity_observed,2026-09-17
EVT000738,SYN0359,day30_checkin_completed,2026-05-24
EVT000739,SYN0359,day60_activity_observed,2026-06-28
EVT000740,SYN0360,coach_contact_completed,2026-08-16
EVT000741,SYN0361,coach_contact_completed,2026-06-07
EVT000742,SYN0361,day60_activity_observed,2026-08-04
EVT000743,SYN0362,coach_contact_completed,2026-03-19
EVT000744,SYN0362,day30_checkin_completed,2026-04-22
EVT000745,SYN0362,day60_activity_observed,2026-05-21
EVT000746,SYN0364,coach_contact_completed,2026-08-04
EVT000747,SYN0365,coach_contact_completed,2026-07-01
EVT000748,SYN0365,day30_checkin_completed,2026-07-30
EVT000749,SYN0365,day60_activity_observed,2026-09-09
EVT000750,SYN0366,coach_contact_completed,2026-08-26
EVT000751,SYN0367,day30_checkin_completed,2026-09-22
EVT000752,SYN0368,coach_contact_completed,2026-02-07
EVT000753,SYN0368,day30_checkin_completed,2026-03-05
EVT000754,SYN0368,day60_activity_observed,2026-04-10
EVT000755,SYN0369,day30_checkin_completed,2026-06-24
EVT000756,SYN0371,coach_contact_completed,2026-09-02
EVT000757,SYN0372,coach_contact_completed,2026-07-09
EVT000758,SYN0372,day30_checkin_completed,2026-08-10
EVT000759,SYN0372,day60_activity_observed,2026-09-13
EVT000760,SYN0373,coach_contact_completed,2026-08-12
EVT000761,SYN0373,day30_checkin_completed,2026-09-12
EVT000762,SYN0374,day30_checkin_completed,2026-02-19
EVT000763,SYN0374,day60_activity_observed,2026-03-16
EVT000764,SYN0375,coach_contact_completed,2026-05-10
EVT000765,SYN0375,day30_checkin_completed,2026-06-07
EVT000766,SYN0376,coach_contact_completed,2026-08-04
EVT000767,SYN0377,coach_contact_completed,2026-04-14
EVT000768,SYN0377,day30_checkin_completed,2026-05-08
EVT000769,SYN0378,coach_contact_completed,2026-07-15
EVT000770,SYN0378,day30_checkin_completed,2026-08-20
EVT000771,SYN0379,day60_activity_observed,2026-09-26
EVT000772,SYN0381,coach_contact_completed,2026-05-23
EVT000773,SYN0381,day30_checkin_completed,2026-06-11
EVT000774,SYN0381,day60_activity_observed,2026-07-20
EVT000775,SYN0382,coach_contact_completed,2026-08-21
EVT000776,SYN0382,day30_checkin_completed,2026-09-23
EVT000777,SYN0383,coach_contact_completed,2026-06-12
EVT000778,SYN0383,day30_checkin_completed,2026-07-12
EVT000779,SYN0384,coach_contact_completed,2026-01-30
EVT000780,SYN0384,day60_activity_observed,2026-03-24
EVT000781,SYN0385,coach_contact_completed,2026-02-25
EVT000782,SYN0385,day30_checkin_completed,2026-03-20
EVT000783,SYN0385,day60_activity_observed,2026-04-26
EVT000784,SYN0386,day60_activity_observed,2026-04-02
EVT000785,SYN0387,coach_contact_completed,2026-05-23
EVT000786,SYN0387,day30_checkin_completed,2026-06-26
EVT000787,SYN0387,day60_activity_observed,2026-07-26
EVT000788,SYN0388,day60_activity_observed,2026-06-05
EVT000789,SYN0389,coach_contact_completed,2026-03-06
EVT000790,SYN0391,coach_contact_completed,2026-06-02
EVT000791,SYN0391,day30_checkin_completed,2026-07-02
EVT000792,SYN0392,coach_contact_completed,2026-02-14
EVT000793,SYN0392,day30_checkin_completed,2026-03-14
EVT000794,SYN0392,day60_activity_observed,2026-04-26
EVT000795,SYN0394,coach_contact_completed,2026-08-24
EVT000796,SYN0395,coach_contact_completed,2026-01-29
EVT000797,SYN0395,day30_checkin_completed,2026-02-17
EVT000798,SYN0396,day30_checkin_completed,2026-07-29
EVT000799,SYN0396,day60_activity_observed,2026-09-06
EVT000800,SYN0397,coach_contact_completed,2026-05-30
EVT000801,SYN0397,day30_checkin_completed,2026-06-28
EVT000802,SYN0397,day60_activity_observed,2026-07-30
EVT000803,SYN0398,coach_contact_completed,2026-08-29
EVT000804,SYN0398,day30_checkin_completed,2026-09-28
EVT000805,SYN0399,coach_contact_completed,2026-06-03
EVT000806,SYN0399,day30_checkin_completed,2026-06-27
EVT000807,SYN0399,day60_activity_observed,2026-08-02
EVT000808,SYN0400,coach_contact_completed,2026-08-17
EVT000809,SYN0400,day30_checkin_completed,2026-09-19
EVT000810,SYN0401,coach_contact_completed,2026-05-15
EVT000811,SYN0401,day30_checkin_completed,2026-06-05
EVT000812,SYN0402,coach_contact_completed,2026-03-30
EVT000813,SYN0402,day30_checkin_completed,2026-04-21
EVT000814,SYN0403,day30_checkin_completed,2026-09-25
EVT000815,SYN0404,coach_contact_completed,2026-08-18
EVT000816,SYN0405,coach_contact_completed,2026-02-17
EVT000817,SYN0405,day30_checkin_completed,2026-03-11
EVT000818,SYN0405,day60_activity_observed,2026-04-14
EVT000819,SYN0406,coach_contact_completed,2026-04-07
EVT000820,SYN0406,day30_checkin_completed,2026-05-08
EVT000821,SYN0408,coach_contact_completed,2026-04-05
EVT000822,SYN0408,day60_activity_observed,2026-06-14
EVT000823,SYN0409,coach_contact_completed,2026-01-10
EVT000824,SYN0409,day30_checkin_completed,2026-02-05
EVT000825,SYN0410,coach_contact_completed,2026-07-25
EVT000826,SYN0411,coach_contact_completed,2026-02-18
EVT000827,SYN0412,day60_activity_observed,2026-09-29
EVT000828,SYN0413,coach_contact_completed,2026-05-31
EVT000829,SYN0413,day30_checkin_completed,2026-06-24
EVT000830,SYN0413,day60_activity_observed,2026-07-29
EVT000831,SYN0414,coach_contact_completed,2026-07-26
EVT000832,SYN0414,day60_activity_observed,2026-09-24
EVT000833,SYN0415,coach_contact_completed,2026-07-17
EVT000834,SYN0415,day60_activity_observed,2026-09-13
EVT000835,SYN0416,coach_contact_completed,2026-01-12
EVT000836,SYN0416,day30_checkin_completed,2026-02-12
EVT000837,SYN0417,coach_contact_completed,2026-08-21
EVT000838,SYN0418,coach_contact_completed,2026-08-31
EVT000839,SYN0418,day30_checkin_completed,2026-09-27
EVT000840,SYN0419,coach_contact_completed,2026-08-17
EVT000841,SYN0419,day30_checkin_completed,2026-09-09
EVT000842,SYN0420,coach_contact_completed,2026-08-05
EVT000843,SYN0420,day30_checkin_completed,2026-09-02
EVT000844,SYN0421,day30_checkin_completed,2026-09-03
EVT000845,SYN0422,day30_checkin_completed,2026-08-20
EVT000846,SYN0423,coach_contact_completed,2026-04-05
EVT000847,SYN0423,day30_checkin_completed,2026-05-10
EVT000848,SYN0423,day60_activity_observed,2026-06-11
EVT000849,SYN0424,coach_contact_completed,2026-08-11
EVT000850,SYN0425,coach_contact_completed,2026-05-19
EVT000851,SYN0425,day30_checkin_completed,2026-06-18
EVT000852,SYN0425,day60_activity_observed,2026-07-22
EVT000853,SYN0426,coach_contact_completed,2026-08-18
EVT000854,SYN0426,day30_checkin_completed,2026-09-08
EVT000855,SYN0427,coach_contact_completed,2026-04-02
EVT000856,SYN0428,coach_contact_completed,2026-05-22
EVT000857,SYN0428,day30_checkin_completed,2026-06-13
EVT000858,SYN0428,day60_activity_observed,2026-07-11
EVT000859,SYN0430,day30_checkin_completed,2026-08-26
EVT000860,SYN0431,coach_contact_completed,2026-06-14
EVT000861,SYN0431,day30_checkin_completed,2026-07-11
EVT000862,SYN0431,day60_activity_observed,2026-08-26
EVT000863,SYN0432,coach_contact_completed,2026-07-21
EVT000864,SYN0432,day30_checkin_completed,2026-08-10
EVT000865,SYN0433,coach_contact_completed,2026-06-10
EVT000866,SYN0433,day30_checkin_completed,2026-07-02
EVT000867,SYN0433,day60_activity_observed,2026-07-30
EVT000868,SYN0434,coach_contact_completed,2026-06-03
EVT000869,SYN0434,day30_checkin_completed,2026-07-03
EVT000870,SYN0434,day60_activity_observed,2026-08-03
EVT000871,SYN0435,coach_contact_completed,2026-08-12
EVT000872,SYN0436,coach_contact_completed,2026-04-27
EVT000873,SYN0436,day30_checkin_completed,2026-05-29
EVT000874,SYN0436,day60_activity_observed,2026-07-05
EVT000875,SYN0437,coach_contact_completed,2026-02-05
EVT000876,SYN0437,day30_checkin_completed,2026-03-08
EVT000877,SYN0438,day60_activity_observed,2026-08-14
EVT000878,SYN0439,coach_contact_completed,2026-05-10
EVT000879,SYN0439,day30_checkin_completed,2026-06-06
EVT000880,SYN0440,coach_contact_completed,2026-05-06
EVT000881,SYN0440,day30_checkin_completed,2026-05-26
EVT000882,SYN0440,day60_activity_observed,2026-06-23
EVT000883,SYN0441,coach_contact_completed,2026-07-03
EVT000884,SYN0441,day60_activity_observed,2026-09-02
EVT000885,SYN0442,day60_activity_observed,2026-09-11
EVT000886,SYN0443,coach_contact_completed,2026-09-08
EVT000887,SYN0444,coach_contact_completed,2026-04-16
EVT000888,SYN0444,day30_checkin_completed,2026-05-15
EVT000889,SYN0445,coach_contact_completed,2026-03-06
EVT000890,SYN0445,day30_checkin_completed,2026-04-07
EVT000891,SYN0445,day60_activity_observed,2026-05-12
EVT000892,SYN0446,coach_contact_completed,2026-05-15
EVT000893,SYN0446,day30_checkin_completed,2026-06-17
EVT000894,SYN0446,day60_activity_observed,2026-07-20
EVT000895,SYN0447,day30_checkin_completed,2026-07-10
EVT000896,SYN0448,coach_contact_completed,2026-02-18
EVT000897,SYN0448,day30_checkin_completed,2026-03-27
EVT000898,SYN0448,day60_activity_observed,2026-05-01
EVT000899,SYN0449,coach_contact_completed,2026-03-12
EVT000900,SYN0450,day30_checkin_completed,2026-08-23
EVT000901,SYN0451,coach_contact_completed,2026-07-07
EVT000902,SYN0451,day60_activity_observed,2026-09-12
EVT000903,SYN0452,coach_contact_completed,2026-02-27
EVT000904,SYN0452,day60_activity_observed,2026-04-29
EVT000905,SYN0453,coach_contact_completed,2026-05-16
EVT000906,SYN0453,day60_activity_observed,2026-07-11
EVT000907,SYN0454,coach_contact_completed,2026-05-22
EVT000908,SYN0454,day60_activity_observed,2026-07-15
EVT000909,SYN0456,coach_contact_completed,2026-05-31
EVT000910,SYN0456,day30_checkin_completed,2026-07-04
EVT000911,SYN0457,coach_contact_completed,2026-07-06
EVT000912,SYN0457,day30_checkin_completed,2026-08-04
EVT000913,SYN0457,day60_activity_observed,2026-08-28
EVT000914,SYN0458,day60_activity_observed,2026-03-28
EVT000915,SYN0459,coach_contact_completed,2026-01-24
EVT000916,SYN0460,coach_contact_completed,2026-06-29
EVT000917,SYN0460,day30_checkin_completed,2026-07-28
EVT000918,SYN0460,day60_activity_observed,2026-09-06
EVT000919,SYN0461,coach_contact_completed,2026-09-05
EVT000920,SYN0462,coach_contact_completed,2026-06-26
EVT000921,SYN0462,day30_checkin_completed,2026-07-18
EVT000922,SYN0462,day60_activity_observed,2026-08-20
EVT000923,SYN0463,coach_contact_completed,2026-07-04
EVT000924,SYN0463,day30_checkin_completed,2026-07-27
EVT000925,SYN0463,day60_activity_observed,2026-08-25
EVT000926,SYN0464,coach_contact_completed,2026-06-09
EVT000927,SYN0464,day30_checkin_completed,2026-07-13
EVT000928,SYN0464,day60_activity_observed,2026-08-18
EVT000929,SYN0465,coach_contact_completed,2026-08-20
EVT000930,SYN0466,coach_contact_completed,2026-01-14
EVT000931,SYN0467,coach_contact_completed,2026-08-28
EVT000932,SYN0467,day30_checkin_completed,2026-09-20
EVT000933,SYN0468,coach_contact_completed,2026-04-24
EVT000934,SYN0468,day30_checkin_completed,2026-05-26
EVT000935,SYN0468,day60_activity_observed,2026-06-21
EVT000936,SYN0469,coach_contact_completed,2026-02-14
EVT000937,SYN0469,day30_checkin_completed,2026-03-15
EVT000938,SYN0469,day60_activity_observed,2026-04-20
EVT000939,SYN0470,coach_contact_completed,2026-06-27
EVT000940,SYN0470,day30_checkin_completed,2026-07-30
EVT000941,SYN0470,day60_activity_observed,2026-08-29
EVT000942,SYN0471,coach_contact_completed,2026-07-29
EVT000943,SYN0472,coach_contact_completed,2026-04-16
EVT000944,SYN0472,day30_checkin_completed,2026-05-15
EVT000945,SYN0473,coach_contact_completed,2026-03-28
EVT000946,SYN0473,day30_checkin_completed,2026-05-01
EVT000947,SYN0473,day60_activity_observed,2026-05-28
EVT000948,SYN0474,coach_contact_completed,2026-02-25
EVT000949,SYN0474,day60_activity_observed,2026-04-29
EVT000950,SYN0475,coach_contact_completed,2026-08-31
EVT000951,SYN0475,day30_checkin_completed,2026-09-26
EVT000952,SYN0476,coach_contact_completed,2026-03-14
EVT000953,SYN0476,day30_checkin_completed,2026-04-12
EVT000954,SYN0476,day60_activity_observed,2026-05-18
EVT000955,SYN0477,coach_contact_completed,2026-02-22
EVT000956,SYN0477,day30_checkin_completed,2026-03-22
EVT000957,SYN0477,day60_activity_observed,2026-05-01
EVT000958,SYN0478,coach_contact_completed,2026-04-20
EVT000959,SYN0478,day30_checkin_completed,2026-05-26
EVT000960,SYN0478,day60_activity_observed,2026-06-23
EVT000961,SYN0479,day30_checkin_completed,2026-02-18
EVT000962,SYN0479,day60_activity_observed,2026-03-26
EVT000963,SYN0480,coach_contact_completed,2026-03-16
EVT000964,SYN0480,day30_checkin_completed,2026-04-15
EVT000965,SYN0480,day60_activity_observed,2026-05-21
EVT000966,SYN0483,coach_contact_completed,2026-09-04
EVT000967,SYN0483,day30_checkin_completed,2026-09-29
EVT000968,SYN0485,coach_contact_completed,2026-04-30
EVT000969,SYN0485,day30_checkin_completed,2026-05-30
EVT000970,SYN0485,day60_activity_observed,2026-07-09
EVT000971,SYN0486,coach_contact_completed,2026-04-21
EVT000972,SYN0486,day30_checkin_completed,2026-05-23
EVT000973,SYN0486,day60_activity_observed,2026-06-16
EVT000974,SYN0487,day30_checkin_completed,2026-03-12
EVT000975,SYN0488,coach_contact_completed,2026-05-27
EVT000976,SYN0489,coach_contact_completed,2026-03-31
EVT000977,SYN0489,day30_checkin_completed,2026-05-05
EVT000978,SYN0489,day60_activity_observed,2026-06-07
EVT000979,SYN0490,coach_contact_completed,2026-04-10
EVT000980,SYN0490,day30_checkin_completed,2026-05-03
EVT000981,SYN0491,day30_checkin_completed,2026-05-24
EVT000982,SYN0492,coach_contact_completed,2026-05-06
EVT000983,SYN0493,coach_contact_completed,2026-07-11
EVT000984,SYN0493,day60_activity_observed,2026-09-11
EVT000985,SYN0494,day30_checkin_completed,2026-04-30
EVT000986,SYN0494,day60_activity_observed,2026-06-02
EVT000987,SYN0495,coach_contact_completed,2026-03-11
EVT000988,SYN0495,day60_activity_observed,2026-05-14
EVT000989,SYN0496,day30_checkin_completed,2026-02-16
EVT000990,SYN0496,day60_activity_observed,2026-03-24
EVT000991,SYN0497,coach_contact_completed,2026-08-12
EVT000992,SYN0497,day30_checkin_completed,2026-09-13
EVT000993,SYN0498,coach_contact_completed,2026-06-24
EVT000994,SYN0498,day60_activity_observed,2026-08-11
EVT000995,SYN0499,coach_contact_completed,2026-08-05
EVT000996,SYN0500,coach_contact_completed,2026-02-25
EVT000997,SYN0500,day30_checkin_completed,2026-04-01
EVT000998,SYN0500,day60_activity_observed,2026-05-08
EVT000999,SYN0501,coach_contact_completed,2026-07-12
EVT001000,SYN0501,day30_checkin_completed,2026-08-09
EVT001001,SYN0502,coach_contact_completed,2026-02-07
EVT001002,SYN0502,day30_checkin_completed,2026-03-14
EVT001003,SYN0503,coach_contact_completed,2026-02-22
EVT001004,SYN0503,day30_checkin_completed,2026-03-20
EVT001005,SYN0503,day60_activity_observed,2026-04-20
EVT001006,SYN0504,coach_contact_completed,2026-04-05
EVT001007,SYN0504,day60_activity_observed,2026-06-06
EVT001008,SYN0505,coach_contact_completed,2026-01-09
EVT001009,SYN0506,coach_contact_completed,2026-02-03
EVT001010,SYN0506,day30_checkin_completed,2026-02-23
EVT001011,SYN0507,coach_contact_completed,2026-01-12
EVT001012,SYN0507,day60_activity_observed,2026-03-13
EVT001013,SYN0508,coach_contact_completed,2026-06-23
EVT001014,SYN0509,coach_contact_completed,2026-01-04
EVT001015,SYN0509,day60_activity_observed,2026-03-13
EVT001016,SYN0510,coach_contact_completed,2026-03-06
EVT001017,SYN0510,day60_activity_observed,2026-05-02
EVT001018,SYN0511,coach_contact_completed,2026-08-21
EVT001019,SYN0511,day30_checkin_completed,2026-09-23
EVT001020,SYN0512,coach_contact_completed,2026-06-15
EVT001021,SYN0512,day30_checkin_completed,2026-07-09
EVT001022,SYN0513,coach_contact_completed,2026-05-17
EVT001023,SYN0513,day30_checkin_completed,2026-06-06
EVT001024,SYN0513,day60_activity_observed,2026-07-15
EVT001025,SYN0514,coach_contact_completed,2026-07-27
EVT001026,SYN0514,day60_activity_observed,2026-09-21
EVT001027,SYN0515,coach_contact_completed,2026-04-02
EVT001028,SYN0515,day30_checkin_completed,2026-05-04
EVT001029,SYN0515,day60_activity_observed,2026-06-05
EVT001030,SYN0516,day30_checkin_completed,2026-05-29
EVT001031,SYN0517,coach_contact_completed,2026-08-03
EVT001032,SYN0517,day30_checkin_completed,2026-08-27
EVT001033,SYN0518,coach_contact_completed,2026-08-20
EVT001034,SYN0518,day30_checkin_completed,2026-09-19
EVT001035,SYN0519,coach_contact_completed,2026-08-24
EVT001036,SYN0519,day30_checkin_completed,2026-09-21
EVT001037,SYN0520,day30_checkin_completed,2026-04-28
EVT001038,SYN0521,coach_contact_completed,2026-06-29
EVT001039,SYN0521,day30_checkin_completed,2026-07-24
EVT001040,SYN0521,day60_activity_observed,2026-08-30
EVT001041,SYN0523,coach_contact_completed,2026-01-21
EVT001042,SYN0523,day30_checkin_completed,2026-02-15
EVT001043,SYN0524,coach_contact_completed,2026-06-15
EVT001044,SYN0524,day30_checkin_completed,2026-07-19
EVT001045,SYN0525,coach_contact_completed,2026-03-03
EVT001046,SYN0525,day30_checkin_completed,2026-04-04
EVT001047,SYN0525,day60_activity_observed,2026-04-27
EVT001048,SYN0526,coach_contact_completed,2026-03-25
EVT001049,SYN0526,day30_checkin_completed,2026-04-17
EVT001050,SYN0527,coach_contact_completed,2026-03-01
EVT001051,SYN0527,day60_activity_observed,2026-04-27
EVT001052,SYN0528,day30_checkin_completed,2026-07-23
EVT001053,SYN0529,day60_activity_observed,2026-07-08
EVT001054,SYN0530,coach_contact_completed,2026-02-21
EVT001055,SYN0531,coach_contact_completed,2026-02-16
EVT001056,SYN0531,day30_checkin_completed,2026-03-12
EVT001057,SYN0532,coach_contact_completed,2026-05-13
EVT001058,SYN0532,day30_checkin_completed,2026-06-17
EVT001059,SYN0533,day30_checkin_completed,2026-06-27
EVT001060,SYN0533,day60_activity_observed,2026-08-04
EVT001061,SYN0535,day30_checkin_completed,2026-07-28
EVT001062,SYN0535,day60_activity_observed,2026-09-01
EVT001063,SYN0537,coach_contact_completed,2026-01-25
EVT001064,SYN0537,day60_activity_observed,2026-03-29
EVT001065,SYN0538,coach_contact_completed,2026-05-09
EVT001066,SYN0538,day30_checkin_completed,2026-06-01
EVT001067,SYN0538,day60_activity_observed,2026-07-04
EVT001068,SYN0539,coach_contact_completed,2026-03-16
EVT001069,SYN0540,coach_contact_completed,2026-06-05
EVT001070,SYN0540,day60_activity_observed,2026-08-11
EVT001071,SYN0541,day30_checkin_completed,2026-07-18
EVT001072,SYN0541,day60_activity_observed,2026-08-12
EVT001073,SYN0542,coach_contact_completed,2026-03-27
EVT001074,SYN0542,day30_checkin_completed,2026-04-23
EVT001075,SYN0542,day60_activity_observed,2026-05-27
EVT001076,SYN0543,coach_contact_completed,2026-03-11
EVT001077,SYN0543,day30_checkin_completed,2026-04-08
EVT001078,SYN0543,day60_activity_observed,2026-05-08
EVT001079,SYN0544,coach_contact_completed,2026-06-02
EVT001080,SYN0544,day30_checkin_completed,2026-06-25
EVT001081,SYN0545,coach_contact_completed,2026-07-24
EVT001082,SYN0545,day30_checkin_completed,2026-08-21
EVT001083,SYN0546,coach_contact_completed,2026-03-27
EVT001084,SYN0546,day30_checkin_completed,2026-04-24
EVT001085,SYN0546,day60_activity_observed,2026-05-23
EVT001086,SYN0547,coach_contact_completed,2026-02-28
EVT001087,SYN0547,day30_checkin_completed,2026-04-02
EVT001088,SYN0548,coach_contact_completed,2026-06-18
EVT001089,SYN0548,day30_checkin_completed,2026-07-21
EVT001090,SYN0548,day60_activity_observed,2026-08-31
EVT001091,SYN0549,day30_checkin_completed,2026-02-21
EVT001092,SYN0552,day30_checkin_completed,2026-04-14
EVT001093,SYN0552,day60_activity_observed,2026-05-16
EVT001094,SYN0553,coach_contact_completed,2026-06-17
EVT001095,SYN0553,day30_checkin_completed,2026-07-08
EVT001096,SYN0553,day60_activity_observed,2026-08-07
EVT001097,SYN0554,coach_contact_completed,2026-06-26
EVT001098,SYN0554,day30_checkin_completed,2026-07-23
EVT001099,SYN0554,day60_activity_observed,2026-08-27
EVT001100,SYN0555,coach_contact_completed,2026-04-30
EVT001101,SYN0555,day30_checkin_completed,2026-05-21
EVT001102,SYN0555,day60_activity_observed,2026-07-04
EVT001103,SYN0556,coach_contact_completed,2026-09-06
EVT001104,SYN0556,day30_checkin_completed,2026-09-28
EVT001105,SYN0557,coach_contact_completed,2026-02-11
EVT001106,SYN0557,day30_checkin_completed,2026-03-13
EVT001107,SYN0557,day60_activity_observed,2026-04-19
EVT001108,SYN0558,day60_activity_observed,2026-09-14
EVT001109,SYN0559,day30_checkin_completed,2026-02-22
EVT001110,SYN0559,day60_activity_observed,2026-03-24
EVT001111,SYN0560,day30_checkin_completed,2026-03-30
EVT001112,SYN0560,day60_activity_observed,2026-05-09
EVT001113,SYN0561,coach_contact_completed,2026-07-27
EVT001114,SYN0561,day60_activity_observed,2026-09-28
EVT001115,SYN0562,day30_checkin_completed,2026-04-24
EVT001116,SYN0562,day60_activity_observed,2026-06-03
EVT001117,SYN0563,coach_contact_completed,2026-04-09
EVT001118,SYN0563,day60_activity_observed,2026-06-10
EVT001119,SYN0564,coach_contact_completed,2026-08-01
EVT001120,SYN0564,day30_checkin_completed,2026-08-29
EVT001121,SYN0564,day60_activity_observed,2026-09-28
EVT001122,SYN0566,coach_contact_completed,2026-05-01
EVT001123,SYN0566,day30_checkin_completed,2026-06-02
EVT001124,SYN0567,coach_contact_completed,2026-08-15
EVT001125,SYN0568,coach_contact_completed,2026-03-06
EVT001126,SYN0568,day30_checkin_completed,2026-04-10
EVT001127,SYN0569,coach_contact_completed,2026-04-26
EVT001128,SYN0569,day60_activity_observed,2026-06-16
EVT001129,SYN0570,coach_contact_completed,2026-07-21
EVT001130,SYN0570,day30_checkin_completed,2026-08-16
EVT001131,SYN0571,coach_contact_completed,2026-03-06
EVT001132,SYN0571,day30_checkin_completed,2026-04-01
EVT001133,SYN0571,day60_activity_observed,2026-05-06
EVT001134,SYN0572,coach_contact_completed,2026-01-12
EVT001135,SYN0572,day30_checkin_completed,2026-02-07
EVT001136,SYN0572,day60_activity_observed,2026-03-14
EVT001137,SYN0573,coach_contact_completed,2026-01-24
EVT001138,SYN0573,day30_checkin_completed,2026-02-23
EVT001139,SYN0573,day60_activity_observed,2026-04-02
EVT001140,SYN0574,coach_contact_completed,2026-07-23
EVT001141,SYN0574,day30_checkin_completed,2026-08-27
EVT001142,SYN0574,day60_activity_observed,2026-09-21
EVT001143,SYN0575,coach_contact_completed,2026-06-04
EVT001144,SYN0575,day60_activity_observed,2026-08-04
EVT001145,SYN0576,coach_contact_completed,2026-08-10
EVT001146,SYN0577,coach_contact_completed,2026-02-12
EVT001147,SYN0577,day30_checkin_completed,2026-03-17
EVT001148,SYN0577,day60_activity_observed,2026-04-21
EVT001149,SYN0578,coach_contact_completed,2026-07-17
EVT001150,SYN0578,day30_checkin_completed,2026-08-14
EVT001151,SYN0578,day60_activity_observed,2026-09-18
EVT001152,SYN0579,coach_contact_completed,2026-04-16
EVT001153,SYN0579,day30_checkin_completed,2026-05-13
EVT001154,SYN0579,day60_activity_observed,2026-06-15
EVT001155,SYN0580,coach_contact_completed,2026-07-28
EVT001156,SYN0581,day30_checkin_completed,2026-09-28
EVT001157,SYN0582,coach_contact_completed,2026-08-12
EVT001158,SYN0582,day30_checkin_completed,2026-09-08
EVT001159,SYN0583,coach_contact_completed,2026-08-15
EVT001160,SYN0583,day30_checkin_completed,2026-09-12
EVT001161,SYN0584,coach_contact_completed,2026-09-03
EVT001162,SYN0585,coach_contact_completed,2026-03-02
EVT001163,SYN0585,day30_checkin_completed,2026-04-01
EVT001164,SYN0585,day60_activity_observed,2026-05-03
EVT001165,SYN0586,coach_contact_completed,2026-05-10
EVT001166,SYN0586,day60_activity_observed,2026-07-09
EVT001167,SYN0587,coach_contact_completed,2026-01-13
EVT001168,SYN0588,coach_contact_completed,2026-03-11
EVT001169,SYN0588,day30_checkin_completed,2026-04-11
EVT001170,SYN0588,day60_activity_observed,2026-05-07
EVT001171,SYN0589,day30_checkin_completed,2026-06-20
EVT001172,SYN0590,coach_contact_completed,2026-08-25
EVT001173,SYN0590,day30_checkin_completed,2026-09-23
EVT001174,SYN0591,coach_contact_completed,2026-05-28
EVT001175,SYN0591,day60_activity_observed,2026-07-16
EVT001176,SYN0592,coach_contact_completed,2026-08-03
EVT001177,SYN0592,day30_checkin_completed,2026-08-30
EVT001178,SYN0592,day60_activity_observed,2026-09-29
EVT001179,SYN0593,coach_contact_completed,2026-08-29
EVT001180,SYN0593,day30_checkin_completed,2026-09-28
EVT001181,SYN0594,day30_checkin_completed,2026-05-09
EVT001182,SYN0594,day60_activity_observed,2026-06-11
EVT001183,SYN0595,coach_contact_completed,2026-06-08
EVT001184,SYN0595,day30_checkin_completed,2026-06-24
EVT001185,SYN0596,coach_contact_completed,2026-03-28
EVT001186,SYN0596,day30_checkin_completed,2026-04-29
EVT001187,SYN0596,day60_activity_observed,2026-05-25
EVT001188,SYN0597,coach_contact_completed,2026-05-22
EVT001189,SYN0597,day30_checkin_completed,2026-06-21
EVT001190,SYN0597,day60_activity_observed,2026-08-02
EVT001191,SYN0598,coach_contact_completed,2026-03-19
EVT001192,SYN0598,day30_checkin_completed,2026-04-20
EVT001193,SYN0599,coach_contact_completed,2026-02-17
EVT001194,SYN0599,day30_checkin_completed,2026-03-18
EVT001195,SYN0600,coach_contact_completed,2026-06-04
EVT001196,SYN0600,day30_checkin_completed,2026-07-10
EVT001197,SYN0600,day60_activity_observed,2026-08-09
EVT001198,SYN0601,coach_contact_completed,2026-03-01
EVT001199,SYN0601,day30_checkin_completed,2026-03-28
EVT001200,SYN0601,day60_activity_observed,2026-05-05
EVT001201,SYN0602,coach_contact_completed,2026-01-10
EVT001202,SYN0602,day30_checkin_completed,2026-02-11
EVT001203,SYN0602,day60_activity_observed,2026-03-08
EVT001204,SYN0603,day30_checkin_completed,2026-07-29
EVT001205,SYN0603,day60_activity_observed,2026-09-07
EVT001206,SYN0604,coach_contact_completed,2026-05-23
EVT001207,SYN0604,day30_checkin_completed,2026-06-13
EVT001208,SYN0605,coach_contact_completed,2026-09-03
EVT001209,SYN0606,coach_contact_completed,2026-08-01
EVT001210,SYN0606,day30_checkin_completed,2026-08-31
EVT001211,SYN0607,coach_contact_completed,2026-02-18
EVT001212,SYN0607,day30_checkin_completed,2026-03-23
EVT001213,SYN0608,coach_contact_completed,2026-08-16
EVT001214,SYN0609,coach_contact_completed,2026-02-16
EVT001215,SYN0609,day30_checkin_completed,2026-03-15
EVT001216,SYN0610,coach_contact_completed,2026-04-27
EVT001217,SYN0610,day60_activity_observed,2026-07-05
EVT001218,SYN0611,coach_contact_completed,2026-05-15
EVT001219,SYN0612,coach_contact_completed,2026-04-07
EVT001220,SYN0612,day30_checkin_completed,2026-05-08
EVT001221,SYN0612,day60_activity_observed,2026-06-12
EVT001222,SYN0613,coach_contact_completed,2026-02-08
EVT001223,SYN0613,day60_activity_observed,2026-03-30
EVT001224,SYN0614,coach_contact_completed,2026-01-26
EVT001225,SYN0614,day30_checkin_completed,2026-02-16
EVT001226,SYN0614,day60_activity_observed,2026-03-28
EVT001227,SYN0615,day30_checkin_completed,2026-06-25
EVT001228,SYN0615,day60_activity_observed,2026-07-26
EVT001229,SYN0616,coach_contact_completed,2026-05-10
EVT001230,SYN0616,day30_checkin_completed,2026-06-08
EVT001231,SYN0616,day60_activity_observed,2026-07-15
EVT001232,SYN0617,coach_contact_completed,2026-03-31
EVT001233,SYN0617,day60_activity_observed,2026-05-19
EVT001234,SYN0618,coach_contact_completed,2026-07-21
EVT001235,SYN0618,day30_checkin_completed,2026-08-13
EVT001236,SYN0618,day60_activity_observed,2026-09-12
EVT001237,SYN0619,day30_checkin_completed,2026-03-09
EVT001238,SYN0619,day60_activity_observed,2026-04-08
EVT001239,SYN0620,coach_contact_completed,2026-06-24
EVT001240,SYN0620,day30_checkin_completed,2026-07-11
EVT001241,SYN0620,day60_activity_observed,2026-08-21
EVT001242,SYN0621,coach_contact_completed,2026-08-02
EVT001243,SYN0622,coach_contact_completed,2026-03-23
EVT001244,SYN0622,day30_checkin_completed,2026-04-14
EVT001245,SYN0623,coach_contact_completed,2026-01-10
EVT001246,SYN0623,day30_checkin_completed,2026-02-09
EVT001247,SYN0623,day60_activity_observed,2026-03-24
EVT001248,SYN0624,coach_contact_completed,2026-04-26
EVT001249,SYN0624,day30_checkin_completed,2026-05-28
EVT001250,SYN0624,day60_activity_observed,2026-06-29
EVT001251,SYN0625,day60_activity_observed,2026-03-08
EVT001252,SYN0626,coach_contact_completed,2026-06-08
EVT001253,SYN0626,day30_checkin_completed,2026-07-05
EVT001254,SYN0627,coach_contact_completed,2026-04-11
EVT001255,SYN0627,day30_checkin_completed,2026-05-14
EVT001256,SYN0627,day60_activity_observed,2026-06-11
EVT001257,SYN0628,coach_contact_completed,2026-02-22
EVT001258,SYN0628,day30_checkin_completed,2026-03-19
EVT001259,SYN0629,coach_contact_completed,2026-02-10
EVT001260,SYN0630,coach_contact_completed,2026-05-15
EVT001261,SYN0630,day30_checkin_completed,2026-06-08
EVT001262,SYN0630,day60_activity_observed,2026-07-16
EVT001263,SYN0631,coach_contact_completed,2026-07-12
EVT001264,SYN0631,day30_checkin_completed,2026-08-09
EVT001265,SYN0631,day60_activity_observed,2026-09-13
EVT001266,SYN0632,coach_contact_completed,2026-02-14
EVT001267,SYN0632,day30_checkin_completed,2026-03-14
EVT001268,SYN0632,day60_activity_observed,2026-04-23
EVT001269,SYN0633,coach_contact_completed,2026-07-10
EVT001270,SYN0633,day30_checkin_completed,2026-08-07
EVT001271,SYN0633,day60_activity_observed,2026-09-12
EVT001272,SYN0634,coach_contact_completed,2026-01-18
EVT001273,SYN0634,day30_checkin_completed,2026-02-13
EVT001274,SYN0634,day60_activity_observed,2026-03-13
EVT001275,SYN0635,coach_contact_completed,2026-03-09
EVT001276,SYN0635,day30_checkin_completed,2026-04-05
EVT001277,SYN0635,day60_activity_observed,2026-05-20
EVT001278,SYN0636,day30_checkin_completed,2026-03-03
EVT001279,SYN0636,day60_activity_observed,2026-04-04
EVT001280,SYN0637,day30_checkin_completed,2026-06-21
EVT001281,SYN0638,coach_contact_completed,2026-07-20
EVT001282,SYN0638,day30_checkin_completed,2026-08-24
EVT001283,SYN0638,day60_activity_observed,2026-09-21
EVT001284,SYN0639,coach_contact_completed,2026-06-28
EVT001285,SYN0640,day30_checkin_completed,2026-02-12
EVT001286,SYN0641,coach_contact_completed,2026-07-23
EVT001287,SYN0641,day30_checkin_completed,2026-08-26
EVT001288,SYN0641,day60_activity_observed,2026-09-25
EVT001289,SYN0642,coach_contact_completed,2026-07-18
EVT001290,SYN0642,day60_activity_observed,2026-09-08
EVT001291,SYN0643,coach_contact_completed,2026-02-20
EVT001292,SYN0643,day30_checkin_completed,2026-03-15
EVT001293,SYN0643,day60_activity_observed,2026-04-26
EVT001294,SYN0644,coach_contact_completed,2026-01-17
EVT001295,SYN0644,day30_checkin_completed,2026-02-13
EVT001296,SYN0644,day60_activity_observed,2026-03-26
EVT001297,SYN0645,coach_contact_completed,2026-07-04
EVT001298,SYN0645,day30_checkin_completed,2026-08-05
EVT001299,SYN0646,coach_contact_completed,2026-09-02
EVT001300,SYN0646,day30_checkin_completed,2026-09-28
EVT001301,SYN0647,coach_contact_completed,2026-04-04
EVT001302,SYN0648,coach_contact_completed,2026-06-23
EVT001303,SYN0648,day30_checkin_completed,2026-07-28
EVT001304,SYN0649,coach_contact_completed,2026-02-27
EVT001305,SYN0649,day30_checkin_completed,2026-03-24
EVT001306,SYN0650,coach_contact_completed,2026-03-02
EVT001307,SYN0650,day60_activity_observed,2026-04-20
EVT001308,SYN0651,coach_contact_completed,2026-03-08
EVT001309,SYN0651,day30_checkin_completed,2026-03-27
EVT001310,SYN0652,day30_checkin_completed,2026-09-04
EVT001311,SYN0653,coach_contact_completed,2026-06-02
EVT001312,SYN0653,day60_activity_observed,2026-07-30
EVT001313,SYN0654,coach_contact_completed,2026-06-09
EVT001314,SYN0654,day30_checkin_completed,2026-07-14
EVT001315,SYN0655,coach_contact_completed,2026-03-13
EVT001316,SYN0655,day30_checkin_completed,2026-04-14
EVT001317,SYN0656,day30_checkin_completed,2026-05-06
EVT001318,SYN0657,coach_contact_completed,2026-03-08
EVT001319,SYN0657,day30_checkin_completed,2026-04-02
EVT001320,SYN0657,day60_activity_observed,2026-05-09
EVT001321,SYN0658,coach_contact_completed,2026-05-16
EVT001322,SYN0658,day30_checkin_completed,2026-06-18
EVT001323,SYN0658,day60_activity_observed,2026-07-25
EVT001324,SYN0659,coach_contact_completed,2026-02-08
EVT001325,SYN0659,day30_checkin_completed,2026-03-02
EVT001326,SYN0660,coach_contact_completed,2026-05-20
EVT001327,SYN0660,day30_checkin_completed,2026-06-18
EVT001328,SYN0660,day60_activity_observed,2026-07-26
EVT001329,SYN0661,coach_contact_completed,2026-06-04
EVT001330,SYN0661,day30_checkin_completed,2026-07-02
EVT001331,SYN0662,coach_contact_completed,2026-03-13
EVT001332,SYN0662,day30_checkin_completed,2026-04-14
EVT001333,SYN0663,coach_contact_completed,2026-03-30
EVT001334,SYN0663,day30_checkin_completed,2026-05-01
EVT001335,SYN0663,day60_activity_observed,2026-05-27
EVT001336,SYN0664,day60_activity_observed,2026-03-19
EVT001337,SYN0665,day30_checkin_completed,2026-06-14
EVT001338,SYN0665,day60_activity_observed,2026-07-14
EVT001339,SYN0666,coach_contact_completed,2026-02-16
EVT001340,SYN0666,day30_checkin_completed,2026-03-20
EVT001341,SYN0666,day60_activity_observed,2026-04-30
EVT001342,SYN0667,coach_contact_completed,2026-06-09
EVT001343,SYN0667,day30_checkin_completed,2026-07-05
EVT001344,SYN0667,day60_activity_observed,2026-08-12
EVT001345,SYN0668,day30_checkin_completed,2026-05-31
EVT001346,SYN0668,day60_activity_observed,2026-07-12
EVT001347,SYN0669,coach_contact_completed,2026-05-25
EVT001348,SYN0670,coach_contact_completed,2026-06-26
EVT001349,SYN0670,day30_checkin_completed,2026-08-01
EVT001350,SYN0670,day60_activity_observed,2026-09-02
EVT001351,SYN0671,coach_contact_completed,2026-08-26
EVT001352,SYN0671,day30_checkin_completed,2026-09-22
EVT001353,SYN0672,coach_contact_completed,2026-01-12
EVT001354,SYN0672,day30_checkin_completed,2026-02-11
EVT001355,SYN0673,coach_contact_completed,2026-06-05
EVT001356,SYN0673,day60_activity_observed,2026-07-28
EVT001357,SYN0674,coach_contact_completed,2026-03-15
EVT001358,SYN0674,day60_activity_observed,2026-05-13
EVT001359,SYN0675,coach_contact_completed,2026-01-24
EVT001360,SYN0675,day30_checkin_completed,2026-02-22
EVT001361,SYN0676,coach_contact_completed,2026-06-07
EVT001362,SYN0676,day30_checkin_completed,2026-07-01
EVT001363,SYN0677,coach_contact_completed,2026-01-04
EVT001364,SYN0677,day60_activity_observed,2026-03-12
EVT001365,SYN0679,coach_contact_completed,2026-02-26
EVT001366,SYN0679,day30_checkin_completed,2026-03-27
EVT001367,SYN0679,day60_activity_observed,2026-04-28
EVT001368,SYN0680,day30_checkin_completed,2026-05-13
EVT001369,SYN0680,day60_activity_observed,2026-06-10
EVT001370,SYN0681,coach_contact_completed,2026-06-02
EVT001371,SYN0681,day30_checkin_completed,2026-06-23
EVT001372,SYN0681,day60_activity_observed,2026-08-02
EVT001373,SYN0682,coach_contact_completed,2026-02-03
EVT001374,SYN0682,day30_checkin_completed,2026-02-22
EVT001375,SYN0682,day60_activity_observed,2026-03-29
EVT001376,SYN0683,coach_contact_completed,2026-03-01
EVT001377,SYN0683,day30_checkin_completed,2026-04-02
EVT001378,SYN0683,day60_activity_observed,2026-05-10
EVT001379,SYN0684,coach_contact_completed,2026-04-11
EVT001380,SYN0684,day60_activity_observed,2026-06-11
EVT001381,SYN0685,day30_checkin_completed,2026-06-03
EVT001382,SYN0686,coach_contact_completed,2026-01-07
EVT001383,SYN0686,day30_checkin_completed,2026-02-11
EVT001384,SYN0686,day60_activity_observed,2026-03-21
EVT001385,SYN0687,day30_checkin_completed,2026-06-17
EVT001386,SYN0687,day60_activity_observed,2026-07-22
EVT001387,SYN0688,coach_contact_completed,2026-09-02
EVT001388,SYN0689,coach_contact_completed,2026-08-15
EVT001389,SYN0689,day30_checkin_completed,2026-09-05
EVT001390,SYN0690,coach_contact_completed,2026-08-26
EVT001391,SYN0690,day30_checkin_completed,2026-09-26
EVT001392,SYN0691,day30_checkin_completed,2026-04-09
EVT001393,SYN0691,day60_activity_observed,2026-05-10
EVT001394,SYN0692,coach_contact_completed,2026-06-25
EVT001395,SYN0692,day30_checkin_completed,2026-07-28
EVT001396,SYN0692,day60_activity_observed,2026-09-06
EVT001397,SYN0693,coach_contact_completed,2026-04-15
EVT001398,SYN0693,day30_checkin_completed,2026-05-05
EVT001399,SYN0693,day60_activity_observed,2026-06-14
EVT001400,SYN0694,day60_activity_observed,2026-05-19
EVT001401,SYN0695,coach_contact_completed,2026-08-15
EVT001402,SYN0695,day30_checkin_completed,2026-09-09
EVT001403,SYN0696,coach_contact_completed,2026-06-23
EVT001404,SYN0696,day30_checkin_completed,2026-07-11
EVT001405,SYN0696,day60_activity_observed,2026-08-12
EVT001406,SYN0697,coach_contact_completed,2026-05-26
EVT001407,SYN0697,day30_checkin_completed,2026-06-29
EVT001408,SYN0697,day60_activity_observed,2026-07-25
EVT001409,SYN0698,coach_contact_completed,2026-06-15
EVT001410,SYN0698,day30_checkin_completed,2026-07-07
EVT001411,SYN0698,day60_activity_observed,2026-08-04
EVT001412,SYN0699,coach_contact_completed,2026-08-31
EVT001413,SYN0700,coach_contact_completed,2026-07-02
EVT001414,SYN0700,day30_checkin_completed,2026-08-05
EVT001415,SYN0700,day60_activity_observed,2026-09-05
EVT001416,SYN0701,coach_contact_completed,2026-08-30
EVT001417,SYN0701,day30_checkin_completed,2026-09-24
EVT001418,SYN0702,day30_checkin_completed,2026-04-24
EVT001419,SYN0703,coach_contact_completed,2026-07-25
EVT001420,SYN0703,day60_activity_observed,2026-09-29
EVT001421,SYN0704,coach_contact_completed,2026-03-21
EVT001422,SYN0705,coach_contact_completed,2026-01-08
EVT001423,SYN0705,day30_checkin_completed,2026-02-04
EVT001424,SYN0706,coach_contact_completed,2026-03-03
EVT001425,SYN0706,day30_checkin_completed,2026-04-03
EVT001426,SYN0706,day60_activity_observed,2026-05-06
EVT001427,SYN0707,coach_contact_completed,2026-03-16
EVT001428,SYN0707,day60_activity_observed,2026-05-07
EVT001429,SYN0708,coach_contact_completed,2026-07-10
EVT001430,SYN0708,day30_checkin_completed,2026-08-11
EVT001431,SYN0708,day60_activity_observed,2026-09-20
EVT001432,SYN0709,day30_checkin_completed,2026-09-23
EVT001433,SYN0710,day30_checkin_completed,2026-04-24
EVT001434,SYN0710,day60_activity_observed,2026-05-31
EVT001435,SYN0711,day30_checkin_completed,2026-08-24
EVT001436,SYN0712,coach_contact_completed,2026-08-07
EVT001437,SYN0712,day30_checkin_completed,2026-08-31
EVT001438,SYN0713,day30_checkin_completed,2026-08-22
EVT001439,SYN0714,coach_contact_completed,2026-02-04
EVT001440,SYN0714,day30_checkin_completed,2026-03-09
EVT001441,SYN0714,day60_activity_observed,2026-04-11
EVT001442,SYN0715,coach_contact_completed,2026-05-27
EVT001443,SYN0715,day30_checkin_completed,2026-06-20
EVT001444,SYN0715,day60_activity_observed,2026-07-28
EVT001445,SYN0716,coach_contact_completed,2026-07-29
EVT001446,SYN0716,day30_checkin_completed,2026-08-26
EVT001447,SYN0717,coach_contact_completed,2026-08-20
EVT001448,SYN0717,day30_checkin_completed,2026-09-20
EVT001449,SYN0718,coach_contact_completed,2026-01-09
EVT001450,SYN0719,coach_contact_completed,2026-02-07
EVT001451,SYN0719,day60_activity_observed,2026-04-07
EVT001452,SYN0720,coach_contact_completed,2026-04-26
EVT001453,SYN0720,day30_checkin_completed,2026-05-30
