member_id,enrollment_date,channel,care_team
SYN0001,2026-02-14,Employer,TEAM-03
SYN0002,2026-06-02,Direct,TEAM-02
SYN0003,2026-03-05,Direct,TEAM-02
SYN0004,2026-07-06,Direct,TEAM-06
SYN0005,2026-03-25,Direct,TEAM-01
SYN0006,2026-05-20,Direct,TEAM-04
SYN0007,2026-07-02,Direct,TEAM-06
SYN0008,2026-08-25,Direct,TEAM-03
SYN0009,2026-08-12,Direct,TEAM-04
SYN0010,2026-03-17,Direct,TEAM-04
SYN0011,2026-01-16,Direct,TEAM-04
SYN0012,2026-01-04,Employer,TEAM-05
SYN0013,2026-03-19,Direct,TEAM-04
SYN0014,2026-06-20,Employer,TEAM-04
SYN0015,2026-08-09,Direct,TEAM-01
SYN0016,2026-07-31,Direct,TEAM-03
SYN0017,2026-08-27,Direct,TEAM-04
SYN0018,2026-08-04,Direct,TEAM-03
SYN0019,2026-07-01,Direct,TEAM-05
SYN0020,2026-01-27,Direct,TEAM-06
SYN0021,2026-06-08,Direct,TEAM-03
SYN0022,2026-04-09,Direct,TEAM-03
SYN0023,2026-08-20,Direct,TEAM-03
SYN0024,2026-07-10,Direct,TEAM-01
SYN0025,2026-04-13,Employer,TEAM-01
SYN0026,2026-03-27,Direct,TEAM-05
SYN0027,2026-03-23,Direct,TEAM-05
SYN0028,2026-02-21,Employer,TEAM-01
SYN0029,2026-01-04,Direct,TEAM-03
SYN0030,2026-03-16,Employer,TEAM-03
SYN0031,2026-08-07,Employer,TEAM-02
SYN0032,2026-01-03,Direct,TEAM-05
SYN0033,2026-07-18,Employer,TEAM-02
SYN0034,2026-06-20,Direct,TEAM-05
SYN0035,2026-07-16,Direct,TEAM-05
SYN0036,2026-01-30,Direct,TEAM-05
SYN0037,2026-01-13,Employer,TEAM-06
SYN0038,2026-03-06,Direct,TEAM-02
SYN0039,2026-08-11,Employer,TEAM-01
SYN0040,2026-04-02,Direct,TEAM-06
SYN0041,2026-05-28,Direct,TEAM-05
SYN0042,2026-07-28,Direct,TEAM-02
SYN0043,2026-02-10,Direct,TEAM-03
SYN0044,2026-06-13,Direct,TEAM-06
SYN0045,2026-06-01,Direct,TEAM-03
SYN0046,2026-03-27,Employer,TEAM-01
SYN0047,2026-05-04,Direct,TEAM-04
SYN0048,2026-06-01,Direct,TEAM-03
SYN0049,2026-02-17,Direct,TEAM-04
SYN0050,2026-04-01,Employer,TEAM-06
SYN0051,2026-06-16,Direct,TEAM-02
SYN0052,2026-08-26,Direct,TEAM-05
SYN0053,2026-05-06,Direct,TEAM-04
SYN0054,2026-01-17,Direct,TEAM-01
SYN0055,2026-07-05,Direct,TEAM-04
SYN0056,2026-03-09,Direct,TEAM-03
SYN0057,2026-05-15,Employer,TEAM-05
SYN0058,2026-04-11,Direct,TEAM-03
SYN0059,2026-06-12,Direct,TEAM-01
SYN0060,2026-03-18,Direct,TEAM-04
SYN0061,2026-02-22,Direct,TEAM-05
SYN0062,2026-01-09,Direct,TEAM-04
SYN0063,2026-03-03,Direct,TEAM-06
SYN0064,2026-04-04,Employer,TEAM-06
SYN0065,2026-08-22,Direct,TEAM-01
SYN0066,2026-08-24,Employer,TEAM-01
SYN0067,2026-07-18,Direct,TEAM-01
SYN0068,2026-03-26,Employer,TEAM-05
SYN0069,2026-07-31,Direct,TEAM-03
SYN0070,2026-01-09,Employer,TEAM-01
SYN0071,2026-01-21,Direct,TEAM-02
SYN0072,2026-08-31,Direct,TEAM-05
SYN0073,2026-08-06,Direct,TEAM-06
SYN0074,2026-05-23,Direct,TEAM-04
SYN0075,2026-04-10,Direct,TEAM-01
SYN0076,2026-05-17,Direct,TEAM-02
SYN0077,2026-02-13,Direct,TEAM-01
SYN0078,2026-07-01,Direct,TEAM-05
SYN0079,2026-04-20,Direct,TEAM-05
SYN0080,2026-07-10,Direct,TEAM-03
SYN0081,2026-01-17,Direct,TEAM-02
SYN0082,2026-04-11,Employer,TEAM-03
SYN0083,2026-01-02,Direct,TEAM-02
SYN0084,2026-01-21,Direct,TEAM-02
SYN0085,2026-01-14,Employer,TEAM-02
SYN0086,2026-01-26,Direct,TEAM-04
SYN0087,2026-04-06,Employer,TEAM-05
SYN0088,2026-08-24,Direct,TEAM-01
SYN0089,2026-02-18,Direct,TEAM-05
SYN0090,2026-03-20,Direct,TEAM-03
SYN0091,2026-07-27,Direct,TEAM-02
SYN0092,2026-05-20,Direct,TEAM-02
SYN0093,2026-01-11,Employer,TEAM-01
SYN0094,2026-03-26,Direct,TEAM-06
SYN0095,2026-07-12,Employer,TEAM-06
SYN0096,2026-04-16,Direct,TEAM-06
SYN0097,2026-04-28,Direct,TEAM-04
SYN0098,2026-06-16,Direct,TEAM-05
SYN0099,2026-01-30,Employer,TEAM-01
SYN0100,2026-07-19,Direct,TEAM-02
SYN0101,2026-03-29,Employer,TEAM-05
SYN0102,2026-06-29,Direct,TEAM-01
SYN0103,2026-06-13,Direct,TEAM-02
SYN0104,2026-06-13,Employer,TEAM-05
SYN0105,2026-05-31,Employer,TEAM-05
SYN0106,2026-08-15,Direct,TEAM-05
SYN0107,2026-02-06,Employer,TEAM-03
SYN0108,2026-07-02,Employer,TEAM-05
SYN0109,2026-06-24,Employer,TEAM-03
SYN0110,2026-08-28,Employer,TEAM-06
SYN0111,2026-07-04,Direct,TEAM-04
SYN0112,2026-01-25,Employer,TEAM-01
SYN0113,2026-05-30,Direct,TEAM-01
SYN0114,2026-03-02,Employer,TEAM-01
SYN0115,2026-04-10,Direct,TEAM-01
SYN0116,2026-07-13,Direct,TEAM-06
SYN0117,2026-08-05,Direct,TEAM-04
SYN0118,2026-03-03,Direct,TEAM-03
SYN0119,2026-03-01,Direct,TEAM-01
SYN0120,2026-03-28,Direct,TEAM-01
SYN0121,2026-06-03,Employer,TEAM-04
SYN0122,2026-08-25,Direct,TEAM-03
SYN0123,2026-06-25,Direct,TEAM-06
SYN0124,2026-08-14,Direct,TEAM-04
SYN0125,2026-06-08,Employer,TEAM-04
SYN0126,2026-08-11,Direct,TEAM-02
SYN0127,2026-07-28,Direct,TEAM-01
SYN0128,2026-03-30,Direct,TEAM-06
SYN0129,2026-02-28,Employer,TEAM-02
SYN0130,2026-01-01,Employer,TEAM-01
SYN0131,2026-02-27,Employer,TEAM-03
SYN0132,2026-03-30,Employer,TEAM-04
SYN0133,2026-01-26,Employer,TEAM-01
SYN0134,2026-05-21,Direct,TEAM-06
SYN0135,2026-04-21,Direct,TEAM-02
SYN0136,2026-06-10,Direct,TEAM-01
SYN0137,2026-03-27,Direct,TEAM-05
SYN0138,2026-01-09,Direct,TEAM-03
SYN0139,2026-05-05,Direct,TEAM-06
SYN0140,2026-04-08,Direct,TEAM-02
SYN0141,2026-06-20,Direct,TEAM-03
SYN0142,2026-03-25,Employer,TEAM-05
SYN0143,2026-08-21,Direct,TEAM-06
SYN0144,2026-03-26,Direct,TEAM-04
SYN0145,2026-08-24,Direct,TEAM-02
SYN0146,2026-05-23,Direct,TEAM-03
SYN0147,2026-01-26,Direct,TEAM-05
SYN0148,2026-06-26,Direct,TEAM-05
SYN0149,2026-02-12,Direct,TEAM-05
SYN0150,2026-02-20,Direct,TEAM-05
SYN0151,2026-05-01,Employer,TEAM-06
SYN0152,2026-04-23,Employer,TEAM-03
SYN0153,2026-07-22,Direct,TEAM-05
SYN0154,2026-06-12,Direct,TEAM-03
SYN0155,2026-08-05,Direct,TEAM-06
SYN0156,2026-05-09,Employer,TEAM-02
SYN0157,2026-06-03,Direct,TEAM-01
SYN0158,2026-06-23,Employer,TEAM-01
SYN0159,2026-03-14,Employer,TEAM-01
SYN0160,2026-06-09,Direct,TEAM-04
SYN0161,2026-07-18,Employer,TEAM-02
SYN0162,2026-05-14,Direct,TEAM-02
SYN0163,2026-02-04,Direct,TEAM-03
SYN0164,2026-02-12,Direct,TEAM-04
SYN0165,2026-08-09,Direct,TEAM-05
SYN0166,2026-02-16,Direct,TEAM-06
SYN0167,2026-06-20,Direct,TEAM-03
SYN0168,2026-04-17,Direct,TEAM-03
SYN0169,2026-07-18,Direct,TEAM-03
SYN0170,2026-08-16,Employer,TEAM-06
SYN0171,2026-03-26,Employer,TEAM-01
SYN0172,2026-03-07,Direct,TEAM-01
SYN0173,2026-08-28,Direct,TEAM-04
SYN0174,2026-04-24,Direct,TEAM-03
SYN0175,2026-03-27,Direct,TEAM-04
SYN0176,2026-04-06,Employer,TEAM-06
SYN0177,2026-03-02,Direct,TEAM-02
SYN0178,2026-05-28,Employer,TEAM-04
SYN0179,2026-01-03,Employer,TEAM-02
SYN0180,2026-08-27,Employer,TEAM-01
SYN0181,2026-07-18,Direct,TEAM-01
SYN0182,2026-08-22,Direct,TEAM-05
SYN0183,2026-07-30,Direct,TEAM-04
SYN0184,2026-08-26,Direct,TEAM-05
SYN0185,2026-02-14,Direct,TEAM-06
SYN0186,2026-03-26,Direct,TEAM-05
SYN0187,2026-04-24,Employer,TEAM-06
SYN0188,2026-07-29,Direct,TEAM-01
SYN0189,2026-02-05,Employer,TEAM-05
SYN0190,2026-06-29,Direct,TEAM-06
SYN0191,2026-01-08,Direct,TEAM-06
SYN0192,2026-07-31,Employer,TEAM-06
SYN0193,2026-03-14,Employer,TEAM-04
SYN0194,2026-03-01,Direct,TEAM-02
SYN0195,2026-02-18,Direct,TEAM-06
SYN0196,2026-03-26,Employer,TEAM-01
SYN0197,2026-05-10,Direct,TEAM-06
SYN0198,2026-02-22,Employer,TEAM-03
SYN0199,2026-05-17,Employer,TEAM-02
SYN0200,2026-02-12,Direct,TEAM-04
SYN0201,2026-02-09,Employer,TEAM-06
SYN0202,2026-04-30,Direct,TEAM-06
SYN0203,2026-02-09,Direct,TEAM-05
SYN0204,2026-07-29,Direct,TEAM-01
SYN0205,2026-01-05,Direct,TEAM-01
SYN0206,2026-05-16,Direct,TEAM-05
SYN0207,2026-05-03,Direct,TEAM-06
SYN0208,2026-05-15,Direct,TEAM-05
SYN0209,2026-06-20,Direct,TEAM-06
SYN0210,2026-01-11,Direct,TEAM-06
SYN0211,2026-02-11,Direct,TEAM-02
SYN0212,2026-08-09,Employer,TEAM-04
SYN0213,2026-02-04,Direct,TEAM-05
SYN0214,2026-05-01,Direct,TEAM-05
SYN0215,2026-04-25,Direct,TEAM-04
SYN0216,2026-03-05,Direct,TEAM-04
SYN0217,2026-07-28,Direct,TEAM-03
SYN0218,2026-08-22,Direct,TEAM-05
SYN0219,2026-06-22,Direct,TEAM-06
SYN0220,2026-02-19,Employer,TEAM-06
SYN0221,2026-03-19,Direct,TEAM-03
SYN0222,2026-06-04,Direct,TEAM-02
SYN0223,2026-05-24,Direct,TEAM-03
SYN0224,2026-02-25,Employer,TEAM-01
SYN0225,2026-06-25,Direct,TEAM-04
SYN0226,2026-06-04,Direct,TEAM-01
SYN0227,2026-04-06,Employer,TEAM-01
SYN0228,2026-02-20,Direct,TEAM-05
SYN0229,2026-05-06,Direct,TEAM-02
SYN0230,2026-03-19,Direct,TEAM-05
SYN0231,2026-07-22,Employer,TEAM-04
SYN0232,2026-01-24,Direct,TEAM-04
SYN0233,2026-05-19,Direct,TEAM-03
SYN0234,2026-03-17,Direct,TEAM-02
SYN0235,2026-04-07,Employer,TEAM-02
SYN0236,2026-05-28,Employer,TEAM-03
SYN0237,2026-05-26,Direct,TEAM-06
SYN0238,2026-07-19,Employer,TEAM-03
SYN0239,2026-08-02,Direct,TEAM-04
SYN0240,2026-08-22,Direct,TEAM-04
SYN0241,2026-01-30,Direct,TEAM-02
SYN0242,2026-06-28,Direct,TEAM-03
SYN0243,2026-02-16,Employer,TEAM-06
SYN0244,2026-06-03,Employer,TEAM-02
SYN0245,2026-05-25,Direct,TEAM-03
SYN0246,2026-01-13,Direct,TEAM-02
SYN0247,2026-02-13,Employer,TEAM-06
SYN0248,2026-06-24,Direct,TEAM-02
SYN0249,2026-05-12,Direct,TEAM-01
SYN0250,2026-03-24,Direct,TEAM-04
SYN0251,2026-08-05,Direct,TEAM-04
SYN0252,2026-07-04,Direct,TEAM-03
SYN0253,2026-04-05,Direct,TEAM-03
SYN0254,2026-07-14,Direct,TEAM-01
SYN0255,2026-07-11,Employer,TEAM-03
SYN0256,2026-05-25,Direct,TEAM-02
SYN0257,2026-06-02,Employer,TEAM-01
SYN0258,2026-08-05,Direct,TEAM-06
SYN0259,2026-04-29,Employer,TEAM-02
SYN0260,2026-07-21,Direct,TEAM-04
SYN0261,2026-03-23,Direct,TEAM-05
SYN0262,2026-01-02,Direct,TEAM-03
SYN0263,2026-07-22,Direct,TEAM-05
SYN0264,2026-02-28,Direct,TEAM-04
SYN0265,2026-03-25,Direct,TEAM-03
SYN0266,2026-01-06,Direct,TEAM-02
SYN0267,2026-03-30,Direct,TEAM-03
SYN0268,2026-01-20,Direct,TEAM-02
SYN0269,2026-06-06,Employer,TEAM-05
SYN0270,2026-02-14,Direct,TEAM-06
SYN0271,2026-03-19,Direct,TEAM-04
SYN0272,2026-03-06,Direct,TEAM-02
SYN0273,2026-03-03,Employer,TEAM-06
SYN0274,2026-05-15,Employer,TEAM-01
SYN0275,2026-05-17,Employer,TEAM-05
SYN0276,2026-02-26,Direct,TEAM-04
SYN0277,2026-02-26,Direct,TEAM-01
SYN0278,2026-04-30,Direct,TEAM-06
SYN0279,2026-04-18,Employer,TEAM-02
SYN0280,2026-01-03,Direct,TEAM-01
SYN0281,2026-04-23,Direct,TEAM-05
SYN0282,2026-04-01,Employer,TEAM-03
SYN0283,2026-01-15,Direct,TEAM-05
SYN0284,2026-02-16,Direct,TEAM-03
SYN0285,2026-01-12,Employer,TEAM-01
SYN0286,2026-07-06,Direct,TEAM-03
SYN0287,2026-08-05,Employer,TEAM-05
SYN0288,2026-05-10,Direct,TEAM-03
SYN0289,2026-05-25,Employer,TEAM-06
SYN0290,2026-03-02,Direct,TEAM-01
SYN0291,2026-03-10,Direct,TEAM-04
SYN0292,2026-02-03,Direct,TEAM-01
SYN0293,2026-05-23,Direct,TEAM-05
SYN0294,2026-04-25,Employer,TEAM-02
SYN0295,2026-01-17,Direct,TEAM-06
SYN0296,2026-01-16,Employer,TEAM-04
SYN0297,2026-04-20,Employer,TEAM-03
SYN0298,2026-03-07,Employer,TEAM-01
SYN0299,2026-02-24,Employer,TEAM-01
SYN0300,2026-07-26,Employer,TEAM-05
SYN0301,2026-03-13,Employer,TEAM-06
SYN0302,2026-05-31,Employer,TEAM-02
SYN0303,2026-07-04,Employer,TEAM-01
SYN0304,2026-04-15,Direct,TEAM-01
SYN0305,2026-01-11,Employer,TEAM-01
SYN0306,2026-07-26,Direct,TEAM-06
SYN0307,2026-02-18,Direct,TEAM-06
SYN0308,2026-05-25,Direct,TEAM-06
SYN0309,2026-05-05,Direct,TEAM-05
SYN0310,2026-02-19,Direct,TEAM-03
SYN0311,2026-03-18,Direct,TEAM-03
SYN0312,2026-04-12,Employer,TEAM-02
SYN0313,2026-01-09,Employer,TEAM-03
SYN0314,2026-05-11,Direct,TEAM-04
SYN0315,2026-05-02,Direct,TEAM-01
SYN0316,2026-04-03,Direct,TEAM-01
SYN0317,2026-08-09,Direct,TEAM-06
SYN0318,2026-03-28,Direct,TEAM-03
SYN0319,2026-08-14,Employer,TEAM-03
SYN0320,2026-06-02,Direct,TEAM-02
SYN0321,2026-08-29,Direct,TEAM-05
SYN0322,2026-03-30,Employer,TEAM-02
SYN0323,2026-03-06,Direct,TEAM-01
SYN0324,2026-03-17,Employer,TEAM-02
SYN0325,2026-01-06,Direct,TEAM-06
SYN0326,2026-05-27,Employer,TEAM-06
SYN0327,2026-06-05,Direct,TEAM-03
SYN0328,2026-02-06,Direct,TEAM-04
SYN0329,2026-06-03,Direct,TEAM-01
SYN0330,2026-01-14,Direct,TEAM-03
SYN0331,2026-07-30,Direct,TEAM-01
SYN0332,2026-02-03,Employer,TEAM-03
SYN0333,2026-01-17,Direct,TEAM-05
SYN0334,2026-07-26,Employer,TEAM-02
SYN0335,2026-06-18,Direct,TEAM-05
SYN0336,2026-01-04,Employer,TEAM-04
SYN0337,2026-02-10,Direct,TEAM-01
SYN0338,2026-05-16,Direct,TEAM-04
SYN0339,2026-01-22,Direct,TEAM-02
SYN0340,2026-08-16,Direct,TEAM-03
SYN0341,2026-02-26,Employer,TEAM-03
SYN0342,2026-08-21,Direct,TEAM-04
SYN0343,2026-05-23,Direct,TEAM-05
SYN0344,2026-06-29,Direct,TEAM-05
SYN0345,2026-03-16,Employer,TEAM-02
SYN0346,2026-02-28,Employer,TEAM-05
SYN0347,2026-08-31,Direct,TEAM-06
SYN0348,2026-03-28,Direct,TEAM-05
SYN0349,2026-05-08,Direct,TEAM-06
SYN0350,2026-02-18,Employer,TEAM-03
SYN0351,2026-02-14,Direct,TEAM-06
SYN0352,2026-03-01,Direct,TEAM-06
SYN0353,2026-03-06,Employer,TEAM-01
SYN0354,2026-03-05,Employer,TEAM-01
SYN0355,2026-05-17,Direct,TEAM-02
SYN0356,2026-08-02,Direct,TEAM-03
SYN0357,2026-07-23,Employer,TEAM-06
SYN0358,2026-07-05,Direct,TEAM-05
SYN0359,2026-04-22,Employer,TEAM-02
SYN0360,2026-08-12,Employer,TEAM-02
SYN0361,2026-05-26,Employer,TEAM-04
SYN0362,2026-03-17,Direct,TEAM-01
SYN0363,2026-08-23,Direct,TEAM-03
SYN0364,2026-07-30,Employer,TEAM-04
SYN0365,2026-07-01,Direct,TEAM-03
SYN0366,2026-08-17,Direct,TEAM-06
SYN0367,2026-08-22,Direct,TEAM-02
SYN0368,2026-02-05,Direct,TEAM-03
SYN0369,2026-05-18,Employer,TEAM-02
SYN0370,2026-02-10,Direct,TEAM-02
SYN0371,2026-08-24,Direct,TEAM-03
SYN0372,2026-07-08,Employer,TEAM-05
SYN0373,2026-08-07,Direct,TEAM-03
SYN0374,2026-01-14,Direct,TEAM-05
SYN0375,2026-05-06,Direct,TEAM-06
SYN0376,2026-08-01,Direct,TEAM-03
SYN0377,2026-04-02,Employer,TEAM-03
SYN0378,2026-07-15,Direct,TEAM-03
SYN0379,2026-07-16,Employer,TEAM-01
SYN0380,2026-01-02,Direct,TEAM-03
SYN0381,2026-05-14,Direct,TEAM-06
SYN0382,2026-08-18,Direct,TEAM-02
SYN0383,2026-06-08,Direct,TEAM-01
SYN0384,2026-01-21,Direct,TEAM-02
SYN0385,2026-02-18,Direct,TEAM-03
SYN0386,2026-01-18,Employer,TEAM-01
SYN0387,2026-05-22,Direct,TEAM-02
SYN0388,2026-04-02,Direct,TEAM-01
SYN0389,2026-03-01,Employer,TEAM-06
SYN0390,2026-08-27,Direct,TEAM-04
SYN0391,2026-05-29,Direct,TEAM-02
SYN0392,2026-02-12,Direct,TEAM-06
SYN0393,2026-08-25,Direct,TEAM-03
SYN0394,2026-08-22,Direct,TEAM-05
SYN0395,2026-01-17,Direct,TEAM-04
SYN0396,2026-07-01,Direct,TEAM-01
SYN0397,2026-05-25,Direct,TEAM-05
SYN0398,2026-08-24,Direct,TEAM-04
SYN0399,2026-05-30,Direct,TEAM-03
SYN0400,2026-08-16,Direct,TEAM-05
SYN0401,2026-05-03,Direct,TEAM-02
SYN0402,2026-03-18,Direct,TEAM-05
SYN0403,2026-08-25,Direct,TEAM-05
SYN0404,2026-08-13,Direct,TEAM-01
SYN0405,2026-02-10,Employer,TEAM-02
SYN0406,2026-04-06,Direct,TEAM-01
SYN0407,2026-08-03,Direct,TEAM-05
SYN0408,2026-04-01,Direct,TEAM-04
SYN0409,2026-01-05,Direct,TEAM-06
SYN0410,2026-07-13,Direct,TEAM-01
SYN0411,2026-02-18,Direct,TEAM-03
SYN0412,2026-07-18,Direct,TEAM-04
SYN0413,2026-05-24,Direct,TEAM-04
SYN0414,2026-07-14,Direct,TEAM-03
SYN0415,2026-07-05,Direct,TEAM-06
SYN0416,2026-01-11,Direct,TEAM-05
SYN0417,2026-08-17,Direct,TEAM-04
SYN0418,2026-08-26,Employer,TEAM-04
SYN0419,2026-08-08,Direct,TEAM-01
SYN0420,2026-08-04,Direct,TEAM-04
SYN0421,2026-08-04,Employer,TEAM-03
SYN0422,2026-07-17,Direct,TEAM-05
SYN0423,2026-04-03,Direct,TEAM-03
SYN0424,2026-08-08,Direct,TEAM-04
SYN0425,2026-05-15,Direct,TEAM-01
SYN0426,2026-08-09,Employer,TEAM-06
SYN0427,2026-04-02,Direct,TEAM-06
SYN0428,2026-05-10,Direct,TEAM-03
SYN0429,2026-08-28,Employer,TEAM-04
SYN0430,2026-07-24,Direct,TEAM-06
SYN0431,2026-06-13,Direct,TEAM-03
SYN0432,2026-07-09,Direct,TEAM-02
SYN0433,2026-05-29,Direct,TEAM-05
SYN0434,2026-05-30,Employer,TEAM-02
SYN0435,2026-08-10,Direct,TEAM-01
SYN0436,2026-04-27,Direct,TEAM-04
SYN0437,2026-02-01,Direct,TEAM-05
SYN0438,2026-06-14,Employer,TEAM-04
SYN0439,2026-05-01,Direct,TEAM-06
SYN0440,2026-04-24,Direct,TEAM-02
SYN0441,2026-06-24,Direct,TEAM-01
SYN0442,2026-07-06,Direct,TEAM-01
SYN0443,2026-08-30,Employer,TEAM-06
SYN0444,2026-04-16,Direct,TEAM-05
SYN0445,2026-03-05,Direct,TEAM-04
SYN0446,2026-05-13,Direct,TEAM-02
SYN0447,2026-06-10,Direct,TEAM-05
SYN0448,2026-02-18,Direct,TEAM-04
SYN0449,2026-03-07,Direct,TEAM-04
SYN0450,2026-07-24,Direct,TEAM-02
SYN0451,2026-07-03,Direct,TEAM-05
SYN0452,2026-02-23,Direct,TEAM-05
SYN0453,2026-05-04,Direct,TEAM-03
SYN0454,2026-05-13,Direct,TEAM-03
SYN0455,2026-08-17,Direct,TEAM-03
SYN0456,2026-05-29,Direct,TEAM-03
SYN0457,2026-06-29,Direct,TEAM-04
SYN0458,2026-01-22,Direct,TEAM-01
SYN0459,2026-01-21,Employer,TEAM-01
SYN0460,2026-06-24,Direct,TEAM-02
SYN0461,2026-08-29,Direct,TEAM-06
SYN0462,2026-06-19,Direct,TEAM-01
SYN0463,2026-06-25,Employer,TEAM-02
SYN0464,2026-06-08,Direct,TEAM-01
SYN0465,2026-08-19,Direct,TEAM-06
SYN0466,2026-01-13,Employer,TEAM-06
SYN0467,2026-08-19,Employer,TEAM-01
SYN0468,2026-04-22,Employer,TEAM-05
SYN0469,2026-02-11,Employer,TEAM-02
SYN0470,2026-06-27,Direct,TEAM-04
SYN0471,2026-07-22,Employer,TEAM-01
SYN0472,2026-04-16,Direct,TEAM-05
SYN0473,2026-03-27,Direct,TEAM-03
SYN0474,2026-02-23,Direct,TEAM-05
SYN0475,2026-08-28,Direct,TEAM-06
SYN0476,2026-03-13,Employer,TEAM-03
SYN0477,2026-02-17,Direct,TEAM-04
SYN0478,2026-04-20,Employer,TEAM-01
SYN0479,2026-01-16,Employer,TEAM-02
SYN0480,2026-03-09,Direct,TEAM-02
SYN0481,2026-01-08,Direct,TEAM-04
SYN0482,2026-02-22,Direct,TEAM-01
SYN0483,2026-08-31,Direct,TEAM-03
SYN0484,2026-08-29,Direct,TEAM-02
SYN0485,2026-04-27,Direct,TEAM-03
SYN0486,2026-04-16,Employer,TEAM-04
SYN0487,2026-02-12,Employer,TEAM-06
SYN0488,2026-05-18,Direct,TEAM-05
SYN0489,2026-03-29,Direct,TEAM-04
SYN0490,2026-03-29,Direct,TEAM-02
SYN0491,2026-04-18,Direct,TEAM-04
SYN0492,2026-05-04,Direct,TEAM-01
SYN0493,2026-07-04,Direct,TEAM-01
SYN0494,2026-03-25,Direct,TEAM-06
SYN0495,2026-03-07,Direct,TEAM-05
SYN0496,2026-01-19,Direct,TEAM-05
SYN0497,2026-08-07,Direct,TEAM-02
SYN0498,2026-06-12,Employer,TEAM-04
SYN0499,2026-08-02,Direct,TEAM-03
SYN0500,2026-02-23,Direct,TEAM-02
SYN0501,2026-07-08,Direct,TEAM-06
SYN0502,2026-02-06,Direct,TEAM-02
SYN0503,2026-02-15,Employer,TEAM-04
SYN0504,2026-04-05,Direct,TEAM-04
SYN0505,2026-01-06,Direct,TEAM-02
SYN0506,2026-01-22,Employer,TEAM-01
SYN0507,2026-01-10,Direct,TEAM-02
SYN0508,2026-06-11,Direct,TEAM-03
SYN0509,2026-01-03,Direct,TEAM-03
SYN0510,2026-02-25,Direct,TEAM-06
SYN0511,2026-08-21,Direct,TEAM-03
SYN0512,2026-06-06,Employer,TEAM-05
SYN0513,2026-05-08,Direct,TEAM-03
SYN0514,2026-07-18,Direct,TEAM-02
SYN0515,2026-04-01,Direct,TEAM-04
SYN0516,2026-04-25,Employer,TEAM-02
SYN0517,2026-07-22,Direct,TEAM-03
SYN0518,2026-08-18,Direct,TEAM-04
SYN0519,2026-08-24,Direct,TEAM-01
SYN0520,2026-03-26,Direct,TEAM-01
SYN0521,2026-06-22,Direct,TEAM-02
SYN0522,2026-06-23,Direct,TEAM-03
SYN0523,2026-01-16,Direct,TEAM-02
SYN0524,2026-06-12,Direct,TEAM-02
SYN0525,2026-02-26,Direct,TEAM-04
SYN0526,2026-03-16,Direct,TEAM-02
SYN0527,2026-02-20,Employer,TEAM-02
SYN0528,2026-06-18,Direct,TEAM-04
SYN0529,2026-05-09,Direct,TEAM-01
SYN0530,2026-02-09,Direct,TEAM-03
SYN0531,2026-02-09,Direct,TEAM-05
SYN0532,2026-05-12,Direct,TEAM-06
SYN0533,2026-05-25,Employer,TEAM-04
SYN0534,2026-08-18,Employer,TEAM-05
SYN0535,2026-06-28,Employer,TEAM-06
SYN0536,2026-02-01,Direct,TEAM-02
SYN0537,2026-01-25,Direct,TEAM-03
SYN0538,2026-05-02,Direct,TEAM-04
SYN0539,2026-03-11,Direct,TEAM-01
SYN0540,2026-06-02,Direct,TEAM-05
SYN0541,2026-06-13,Direct,TEAM-02
SYN0542,2026-03-25,Direct,TEAM-06
SYN0543,2026-03-08,Direct,TEAM-01
SYN0544,2026-05-28,Direct,TEAM-05
SYN0545,2026-07-21,Direct,TEAM-06
SYN0546,2026-03-24,Employer,TEAM-05
SYN0547,2026-02-28,Direct,TEAM-06
SYN0548,2026-06-18,Employer,TEAM-04
SYN0549,2026-01-16,Direct,TEAM-02
SYN0550,2026-04-10,Direct,TEAM-03
SYN0551,2026-05-26,Direct,TEAM-01
SYN0552,2026-03-09,Employer,TEAM-02
SYN0553,2026-06-08,Direct,TEAM-06
SYN0554,2026-06-23,Direct,TEAM-02
SYN0555,2026-04-21,Employer,TEAM-04
SYN0556,2026-08-28,Direct,TEAM-04
SYN0557,2026-02-09,Direct,TEAM-05
SYN0558,2026-07-08,Employer,TEAM-03
SYN0559,2026-01-23,Employer,TEAM-02
SYN0560,2026-02-25,Employer,TEAM-01
SYN0561,2026-07-24,Direct,TEAM-03
SYN0562,2026-03-21,Employer,TEAM-01
SYN0563,2026-03-31,Direct,TEAM-03
SYN0564,2026-07-30,Employer,TEAM-04
SYN0565,2026-05-23,Direct,TEAM-04
SYN0566,2026-04-27,Employer,TEAM-04
SYN0567,2026-08-03,Employer,TEAM-06
SYN0568,2026-03-06,Employer,TEAM-01
SYN0569,2026-04-14,Direct,TEAM-03
SYN0570,2026-07-16,Direct,TEAM-04
SYN0571,2026-03-04,Direct,TEAM-02
SYN0572,2026-01-03,Direct,TEAM-06
SYN0573,2026-01-21,Employer,TEAM-05
SYN0574,2026-07-23,Direct,TEAM-06
SYN0575,2026-06-03,Direct,TEAM-05
SYN0576,2026-08-10,Direct,TEAM-03
SYN0577,2026-02-09,Direct,TEAM-04
SYN0578,2026-07-16,Employer,TEAM-04
SYN0579,2026-04-09,Direct,TEAM-03
SYN0580,2026-07-28,Employer,TEAM-05
SYN0581,2026-08-25,Direct,TEAM-03
SYN0582,2026-08-08,Employer,TEAM-03
SYN0583,2026-08-13,Employer,TEAM-05
SYN0584,2026-08-27,Direct,TEAM-02
SYN0585,2026-02-23,Direct,TEAM-04
SYN0586,2026-05-08,Employer,TEAM-02
SYN0587,2026-01-13,Employer,TEAM-06
SYN0588,2026-03-07,Direct,TEAM-02
SYN0589,2026-05-15,Direct,TEAM-01
SYN0590,2026-08-25,Direct,TEAM-05
SYN0591,2026-05-16,Employer,TEAM-03
SYN0592,2026-07-29,Direct,TEAM-06
SYN0593,2026-08-28,Employer,TEAM-02
SYN0594,2026-04-05,Employer,TEAM-06
SYN0595,2026-05-27,Direct,TEAM-03
SYN0596,2026-03-26,Direct,TEAM-01
SYN0597,2026-05-22,Direct,TEAM-05
SYN0598,2026-03-15,Direct,TEAM-03
SYN0599,2026-02-13,Direct,TEAM-03
SYN0600,2026-06-03,Direct,TEAM-01
SYN0601,2026-02-24,Direct,TEAM-04
SYN0602,2026-01-05,Direct,TEAM-06
SYN0603,2026-06-26,Direct,TEAM-03
SYN0604,2026-05-11,Employer,TEAM-06
SYN0605,2026-08-22,Direct,TEAM-03
SYN0606,2026-08-01,Employer,TEAM-05
SYN0607,2026-02-18,Employer,TEAM-02
SYN0608,2026-08-15,Employer,TEAM-02
SYN0609,2026-02-11,Direct,TEAM-01
SYN0610,2026-04-23,Direct,TEAM-05
SYN0611,2026-05-10,Direct,TEAM-06
SYN0612,2026-04-03,Direct,TEAM-01
SYN0613,2026-01-27,Direct,TEAM-02
SYN0614,2026-01-14,Employer,TEAM-02
SYN0615,2026-05-23,Employer,TEAM-05
SYN0616,2026-05-06,Direct,TEAM-02
SYN0617,2026-03-19,Direct,TEAM-04
SYN0618,2026-07-09,Employer,TEAM-02
SYN0619,2026-01-31,Direct,TEAM-02
SYN0620,2026-06-12,Employer,TEAM-05
SYN0621,2026-07-29,Direct,TEAM-04
SYN0622,2026-03-16,Direct,TEAM-01
SYN0623,2026-01-09,Direct,TEAM-01
SYN0624,2026-04-25,Direct,TEAM-05
SYN0625,2026-01-07,Direct,TEAM-03
SYN0626,2026-06-05,Direct,TEAM-04
SYN0627,2026-04-07,Employer,TEAM-04
SYN0628,2026-02-17,Direct,TEAM-06
SYN0629,2026-02-05,Direct,TEAM-04
SYN0630,2026-05-10,Employer,TEAM-03
SYN0631,2026-07-08,Direct,TEAM-05
SYN0632,2026-02-11,Employer,TEAM-05
SYN0633,2026-07-07,Direct,TEAM-02
SYN0634,2026-01-11,Employer,TEAM-05
SYN0635,2026-03-08,Employer,TEAM-06
SYN0636,2026-01-28,Direct,TEAM-02
SYN0637,2026-05-17,Direct,TEAM-02
SYN0638,2026-07-18,Direct,TEAM-05
SYN0639,2026-06-28,Employer,TEAM-04
SYN0640,2026-01-12,Direct,TEAM-03
SYN0641,2026-07-22,Direct,TEAM-04
SYN0642,2026-07-09,Direct,TEAM-02
SYN0643,2026-02-13,Direct,TEAM-01
SYN0644,2026-01-15,Direct,TEAM-04
SYN0645,2026-07-04,Employer,TEAM-02
SYN0646,2026-08-29,Direct,TEAM-05
SYN0647,2026-04-01,Employer,TEAM-03
SYN0648,2026-06-23,Direct,TEAM-03
SYN0649,2026-02-24,Direct,TEAM-05
SYN0650,2026-02-18,Direct,TEAM-06
SYN0651,2026-02-27,Employer,TEAM-02
SYN0652,2026-07-29,Employer,TEAM-01
SYN0653,2026-05-28,Direct,TEAM-01
SYN0654,2026-06-09,Direct,TEAM-01
SYN0655,2026-03-09,Direct,TEAM-01
SYN0656,2026-04-02,Direct,TEAM-06
SYN0657,2026-03-03,Direct,TEAM-02
SYN0658,2026-05-15,Employer,TEAM-02
SYN0659,2026-01-27,Direct,TEAM-04
SYN0660,2026-05-16,Employer,TEAM-01
SYN0661,2026-05-31,Direct,TEAM-03
SYN0662,2026-03-10,Direct,TEAM-05
SYN0663,2026-03-27,Direct,TEAM-05
SYN0664,2026-01-17,Direct,TEAM-01
SYN0665,2026-05-14,Direct,TEAM-02
SYN0666,2026-02-16,Direct,TEAM-06
SYN0667,2026-05-31,Employer,TEAM-05
SYN0668,2026-04-29,Direct,TEAM-05
SYN0669,2026-05-20,Employer,TEAM-02
SYN0670,2026-06-25,Employer,TEAM-02
SYN0671,2026-08-23,Direct,TEAM-01
SYN0672,2026-01-09,Direct,TEAM-03
SYN0673,2026-05-29,Employer,TEAM-01
SYN0674,2026-03-12,Direct,TEAM-03
SYN0675,2026-01-24,Employer,TEAM-02
SYN0676,2026-05-29,Direct,TEAM-01
SYN0677,2026-01-01,Direct,TEAM-03
SYN0678,2026-04-08,Direct,TEAM-01
SYN0679,2026-02-23,Employer,TEAM-03
SYN0680,2026-04-07,Direct,TEAM-06
SYN0681,2026-05-24,Employer,TEAM-06
SYN0682,2026-01-25,Employer,TEAM-03
SYN0683,2026-02-28,Direct,TEAM-04
SYN0684,2026-03-30,Employer,TEAM-03
SYN0685,2026-05-06,Direct,TEAM-02
SYN0686,2026-01-06,Employer,TEAM-02
SYN0687,2026-05-12,Direct,TEAM-04
SYN0688,2026-08-29,Employer,TEAM-06
SYN0689,2026-08-03,Direct,TEAM-01
SYN0690,2026-08-24,Direct,TEAM-04
SYN0691,2026-03-08,Direct,TEAM-03
SYN0692,2026-06-24,Employer,TEAM-05
SYN0693,2026-04-03,Direct,TEAM-06
SYN0694,2026-03-12,Direct,TEAM-01
SYN0695,2026-08-12,Direct,TEAM-06
SYN0696,2026-06-11,Employer,TEAM-02
SYN0697,2026-05-23,Direct,TEAM-03
SYN0698,2026-06-03,Employer,TEAM-03
SYN0699,2026-08-28,Employer,TEAM-06
SYN0700,2026-07-02,Direct,TEAM-04
SYN0701,2026-08-23,Direct,TEAM-01
SYN0702,2026-03-21,Employer,TEAM-01
SYN0703,2026-07-20,Direct,TEAM-05
SYN0704,2026-03-16,Direct,TEAM-03
SYN0705,2026-01-07,Direct,TEAM-03
SYN0706,2026-03-01,Direct,TEAM-06
SYN0707,2026-03-04,Direct,TEAM-03
SYN0708,2026-07-10,Direct,TEAM-05
SYN0709,2026-08-22,Direct,TEAM-01
SYN0710,2026-03-25,Direct,TEAM-02
SYN0711,2026-07-22,Direct,TEAM-05
SYN0712,2026-08-03,Direct,TEAM-02
SYN0713,2026-07-22,Direct,TEAM-03
SYN0714,2026-02-04,Employer,TEAM-01
SYN0715,2026-05-20,Direct,TEAM-02
SYN0716,2026-07-24,Direct,TEAM-03
SYN0717,2026-08-15,Direct,TEAM-02
SYN0718,2026-01-04,Employer,TEAM-02
SYN0719,2026-02-04,Employer,TEAM-05
SYN0720,2026-04-25,Direct,TEAM-05
